id,user_id,name,category,target_count,created_at
2329d6ea-1b73-482c-840f-8e5a93dea216,3e9e01e2-3ea9-40ed-b511-cb554fb501e9,필라델피아 크림치즈 1.36kg,식품/간식,8,2025-08-20 07:59:02
2062b452-0b06-490d-b652-699b3c158068,ab1a4ac3-06c1-4215-9df7-caf47e755def,종량제봉투 100L 100매,생활용품,4,2025-09-12 09:03:59
c01dcd7c-8d9a-41ec-b36c-27762bca7058,9e4a99dd-4a22-42d3-ba51-a79d87817758,상하목장 유기농우유 24팩,식품/간식,3,2025-08-06 12:57:04
b1a7e0dd-a796-4828-a845-4343665d02b9,0437d43d-928f-4054-91e3-391e2c730a87,아베다 샴푸 1L,뷰티/헬스케어,7,2025-08-03 16:51:16
cbd5f49b-bf15-46da-8719-7a38244fd011,9024d2dc-aa28-4b97-a0a9-57981caf84b7,잔스포츠 백팩,패션/잡화,3,2025-09-06 19:54:51
b4291f56-2964-484a-bbef-dbfe38d9e7d5,21be1ce6-b4f1-4862-96f2-cee92001e8bc,햇반 24개입 1박스,식품/간식,4,2025-09-05 02:31:12
a7373773-add8-41aa-9ebe-c7b3d3c931db,c4258ae2-6265-460b-b3ba-49f2e468cbcb,세타필 대용량 로션 591ml,뷰티/헬스케어,3,2025-10-01 12:07:31
3e8148a7-eb70-44c0-b323-35f6155854cc,35d9ce93-de78-4088-ac80-7c3316bff90b,바이오가이아 유산균,뷰티/헬스케어,8,2025-09-08 00:34:01
0b31e1df-94d7-40a7-9422-ef54a195104b,87153e88-9501-49b5-973e-382f173ed084,아베다 샴푸 1L,뷰티/헬스케어,4,2025-09-04 13:02:39
7384494b-903f-45ca-bc05-0ba617595109,7fb9989f-70af-4d75-a747-2253358d0ee6,닥터지 선크림 1+1 기획세트,뷰티/헬스케어,5,2025-08-03 01:44:12
d60106d9-5e8b-4efc-ae9e-0a9f0a3ca7bd,df4fb5b8-80ec-4b03-a6d3-84f1b25f7fd1,코스트코 소불고기 (4kg),식품/간식,4,2025-08-12 23:05:15
f4fd57d8-b5db-419f-81f3-fd379042cb94,a1421aeb-307d-42ea-8b0f-b68d82684dd1,잔스포츠 백팩,패션/잡화,5,2025-09-18 16:21:36
4863b203-6a85-4e07-a10b-a76a11e71149,cb1d4e65-09b2-4a93-b88c-cf6e4f2ab6c4,네스프레소 호환캡슐 100개입,식품/간식,5,2025-09-20 10:57:07
e7f3e6da-67b4-4f71-b0d7-28a18583f188,1f347cc5-04a3-42b1-8805-414d1de45da5,커클랜드 아몬드 1.13kg,식품/간식,6,2025-08-22 09:23:03
412fa8d7-409c-490f-8b37-42fc781be00e,f0223147-291f-4ce0-8f75-c9a61226f508,커클랜드 아몬드 1.13kg,식품/간식,5,2025-08-23 07:10:04
92224e5d-1ee8-42b5-b6e1-831e734c9fe5,7d1d54a8-58bf-4230-8d6e-d62e72dcda48,페브리즈 1L 리필 x 2개,생활용품,3,2025-08-17 03:46:15
bb1fab08-cfeb-4e52-bc42-f1f1b8897cdd,3d2a4406-e527-4dde-b0df-977b1b365f3e,고려은단 비타민C 300정,뷰티/헬스케어,3,2025-09-04 02:10:52
0a001e8e-6113-4e84-8665-2b7f89cd6b24,1fb99515-2160-41ae-b213-e51540dbaf3e,캘빈클라인 드로즈 3팩,패션/잡화,7,2025-09-20 20:02:58
96acd956-a954-413e-b7ed-7569401fbb01,0e2fc562-c3a5-4b42-b829-912082e89fa6,듀라셀 건전지 AA 40개입,생활용품,8,2025-08-29 08:32:01
a280797c-8306-4d6c-89ed-e88fdcfd6fa7,990891db-aed5-42d8-a62d-9c2c19d61a1d,크록스 지비츠 세트 (20개입),패션/잡화,4,2025-09-23 08:22:22
0d83257b-1660-4a5e-8142-a5560addf59c,32aae820-d207-4753-bc33-2f596c5eba0e,비비고 왕교자 1.5kg x 2개,식품/간식,8,2025-09-09 17:43:56
121818df-6ea2-4ef7-b947-804ba8076e59,b9816377-ca31-4eed-b17f-b22d496b24c0,로얄캐닌 강아지사료 8kg,생활용품,5,2025-09-23 03:24:01
8425311d-6913-406c-9bf8-a315bf12c54b,94cfeddd-6139-4379-83a7-af2ac61fd1eb,햇반 24개입 1박스,식품/간식,4,2025-09-29 03:17:40
9fb93585-ef1c-47cb-8bb0-4fdafc57c8d6,48962092-48eb-4fbe-8deb-11ff3b212d38,커클랜드 아몬드 1.13kg,식품/간식,5,2025-10-01 06:30:08
43a89cfe-6753-432d-818f-2bfd57cf9ed8,741cd2eb-010d-4939-854c-c49897f298e9,고려은단 비타민C 300정,뷰티/헬스케어,5,2025-10-01 05:56:41
7920e762-ce44-4e4d-89cc-b125be76996a,523072f3-f1c6-48ff-b059-a9ca009c360e,크리넥스 3겹 화장지 30롤,생활용품,5,2025-08-21 21:36:42
4b22d6ae-b5af-4e06-a234-02e60596ab1d,6c3a7259-d263-48b9-ad3f-4cc1b8d68f2a,하기스 매직컴포트 4단계 1박스,생활용품,5,2025-09-14 00:50:11
8437f475-2818-4839-804d-5015691ac982,86862f94-1449-4656-ad0b-d6ed4e21b2ad,비비고 왕교자 1.5kg x 2개,식품/간식,8,2025-08-06 15:13:32
12e80670-7e45-489e-a399-9aebc4f6223a,d3057bca-6427-42e7-a55e-39065d9c6078,크리넥스 3겹 화장지 30롤,생활용품,8,2025-09-15 23:28:28
aae36ff5-b769-4d7b-98e1-7b24676f8266,cfb12557-bc5d-4ac7-aee4-a10d8dca5d7f,리스테린 1L x 2개,생활용품,6,2025-09-29 04:25:48
9d6af455-0b62-41a2-8c08-4f57803f1054,2ee76dd3-23b4-49eb-8fe7-e9643600e2c7,캘빈클라인 드로즈 3팩,패션/잡화,8,2025-09-24 22:14:51
4caab9ef-c9b1-4cd7-999d-f17477eaa37f,881f1479-14bf-4142-a9d9-8d3280a5b81b,바이오가이아 유산균,뷰티/헬스케어,8,2025-08-30 23:33:27
8f1c97d0-02f7-4813-bc24-7292ce99a68b,29e4707b-ffc5-4de0-be22-cb72ce7790fa,나이키 스포츠 양말 6족 세트,패션/잡화,3,2025-09-24 02:50:06
57f22616-5e5b-4516-8890-07682fdc5a27,256a6012-7e61-4931-bfbf-9158111473c0,로얄캐닌 강아지사료 8kg,생활용품,3,2025-09-16 02:55:55
ec2f8962-8d5d-49aa-934e-6749075474b1,7c6aff64-45ab-4af3-a29d-0ac6861e4869,나이키 스포츠 양말 6족 세트,패션/잡화,5,2025-08-07 03:04:57
d613f4fe-23be-4671-bcba-c9b0edbe1134,12ff7a99-f5de-47b5-8461-e6b2be595de2,비비고 왕교자 1.5kg x 2개,식품/간식,7,2025-08-30 10:15:28
e3a528d7-a96a-4ddc-a613-ba3d8a7b659e,cf8da68f-3371-46d3-be95-de9a5d5c7c50,나이키 스포츠 양말 6족 세트,패션/잡화,8,2025-09-04 02:23:06
e89a219d-553f-4695-9ca3-7871fd502a05,11014451-99c6-4848-bbdb-6c28aec75e00,메디힐 마스크팩 30매 박스,뷰티/헬스케어,8,2025-08-04 13:06:11
c8248122-1c6e-4945-9dfb-6d877161d8e4,ff9882f9-94b2-4038-a043-478d09c5f559,고려은단 비타민C 300정,뷰티/헬스케어,5,2025-09-11 08:31:14
9c63d74d-cfaa-4a01-a161-6680f9fd9afb,cb354c00-a53d-4f1d-8006-250f6e3e9099,상하목장 유기농우유 24팩,식품/간식,8,2025-09-29 00:34:26
f715ddf3-e3b7-4278-bf75-24be961efdcc,e81ecd87-68a8-4546-afbe-5bc60e01ddb9,바이오가이아 유산균,뷰티/헬스케어,5,2025-08-08 21:41:21
666c7921-e560-49c2-a1a6-5bc10c26b0a6,f2e06052-582d-4eb5-b4f8-4f93a0491d25,잔스포츠 백팩,패션/잡화,7,2025-09-17 21:03:51
62d05560-37af-410c-8ef8-d4d894d99910,c8a4ce7d-8428-4b49-808f-844703148788,피카소 칫솔 20개입,패션/잡화,4,2025-09-12 07:36:35
e6f24e55-8320-4e61-9e80-98ec84f3795a,4c7f9499-6821-4a26-9202-a9e123e4b58d,상하목장 유기농우유 24팩,식품/간식,6,2025-09-16 19:29:31
b5624951-a9f6-4825-b056-f9c346f85eff,dda10c6c-b189-4c2e-a7a8-c0c78be4a98d,햇반 24개입 1박스,식품/간식,3,2025-09-30 21:52:22
0d9a1d44-b4ab-414c-9190-682a953f8d84,51eecc0a-511b-4d53-86aa-592d0f2b3399,필라델피아 크림치즈 1.36kg,식품/간식,8,2025-09-27 07:58:35
51caec25-1f72-45b4-8605-e0146753da93,4efc17c9-827d-491d-829c-65aa87c9a08e,크리넥스 3겹 화장지 30롤,생활용품,8,2025-08-25 05:29:59
3676c8b9-47dd-4b3c-98c7-02a03e8e7e00,2a1aae07-584c-4353-a9ba-f2f4a2ad74c2,잔스포츠 백팩,패션/잡화,3,2025-09-02 09:46:47
413e63fe-087c-49ab-908f-3859bde5ae2a,a123154f-da50-487f-adbc-1850f7f5771f,캘빈클라인 드로즈 3팩,패션/잡화,7,2025-09-29 04:14:25
a52d7088-add5-4674-bbe5-f944a97efb77,cdc36f1a-7e5c-4ee6-b38b-ac2bb8b815bc,고려은단 비타민C 300정,뷰티/헬스케어,5,2025-08-24 10:45:06
eae480d8-6063-4fe4-a66e-8243584e6d30,986ee890-c9e9-4431-bff3-f1ba5c8fe297,바이오가이아 유산균,뷰티/헬스케어,3,2025-09-15 10:14:11
bf01c4f0-17b2-44c4-980d-db223fcd7734,8d238ed3-c4f0-4c57-aea6-10e282de1c74,필라델피아 크림치즈 1.36kg,식품/간식,7,2025-08-28 12:09:18
807f5d58-d6b3-41d0-b0b1-8fa26401d7da,3cf06469-d949-4e84-a5f4-01fff2528f0a,종량제봉투 100L 100매,생활용품,8,2025-08-31 23:04:02
2a71fe87-76c9-40f2-aa63-74f00c3bcc48,156b7841-1ce8-4ae3-a371-4fe806f98203,유니클로 에어리즘 3팩,패션/잡화,5,2025-08-06 13:33:36
31df4e65-982b-41b9-940e-f95855bf6d37,a268f06d-9d02-4b4a-9b65-4e987c8ef788,잔스포츠 백팩,패션/잡화,6,2025-08-25 02:04:08
9839ab14-f87a-4b34-8cc8-8df9f027c473,928a0641-245c-4643-a341-a32def5f3389,코스트코 소불고기 (4kg),식품/간식,8,2025-09-28 01:50:22
72ce5f13-082b-4b52-a79b-71b2fb246bcd,7dc5191e-5247-40ff-82d7-fe0d94284b46,페브리즈 1L 리필 x 2개,생활용품,7,2025-08-27 11:33:06
537c3edc-33f8-4d96-a80a-89f20df91b3f,6b71a36d-566c-4104-97a6-c3e3a5e2b756,베베숲 물티슈 캡형 10팩,생활용품,3,2025-09-10 03:20:17
e9fa23ff-a008-4d85-a080-cfb7cb6860f0,b9987590-e31c-4350-9f17-4eff3bc2a245,질레트 퓨전 면도날 8개입,생활용품,8,2025-08-28 13:42:20
ce7f0105-7a0c-471f-bc85-477b15f3db81,86862f94-1449-4656-ad0b-d6ed4e21b2ad,세타필 대용량 로션 591ml,뷰티/헬스케어,4,2025-08-03 05:20:35
be4e04ac-68ad-45ff-9d16-cd589a181c1a,d97329fb-d0a5-4497-9e38-a239c13168e3,네스프레소 호환캡슐 100개입,식품/간식,4,2025-09-23 08:04:43
c64308eb-6f33-4525-b27e-2543b76447a0,ba287ed6-334f-4f29-9018-bab5e0501f10,아베다 샴푸 1L,뷰티/헬스케어,7,2025-08-25 01:28:53
f3ac8477-0abc-44eb-bfe5-f2f07637d870,6be40272-8893-4ca6-93ba-bffa42cf33fa,코스트코 소불고기 (4kg),식품/간식,5,2025-08-06 17:49:58
0f90b69c-1274-4703-a6be-d4753727e037,ec9d2b21-5afd-409e-9fdc-4a34dcd9094d,메디힐 마스크팩 30매 박스,뷰티/헬스케어,3,2025-08-24 08:11:31
e4a77681-6cb4-4350-8760-6990652ce863,b0ad21d2-5fa1-4dbe-b13b-1124c5e9b99d,크록스 지비츠 세트 (20개입),패션/잡화,5,2025-09-15 10:11:11
4d8b532d-5f50-498f-9a30-3474f59d698c,3f97b44a-b197-4682-88bf-b8e9c0081eb3,리스테린 1L x 2개,생활용품,4,2025-08-26 00:13:19
1530f62a-3dc1-4d2b-bb00-b4d7dc2bff22,197eb30a-a603-4de7-97cf-e0e315be6af6,햇반 24개입 1박스,식품/간식,8,2025-09-10 08:23:21
d06dd363-f890-4cd1-8172-90a1cdf36b1d,8ce9a8ea-d35c-45dd-a5e2-fc9b1dbf2610,메디힐 마스크팩 30매 박스,뷰티/헬스케어,3,2025-08-03 00:36:07
ebcfcde0-ebcb-4e10-9dbf-a04e16fa2075,a6af5b72-96da-4b9b-8665-6d21d69f43bc,아베다 샴푸 1L,뷰티/헬스케어,4,2025-09-13 13:21:21
c8d62869-9458-42ac-954a-928cc92eed3b,d26d3ba7-62eb-47e6-b80a-1754a94447c3,상하목장 유기농우유 24팩,식품/간식,6,2025-08-07 10:39:21
c787d1ed-81c4-4bde-8b00-8e723f0d565a,a902854e-79ae-4764-96c7-a791cac908c2,바이오가이아 유산균,뷰티/헬스케어,5,2025-08-10 04:41:50
bdc21bc3-8739-444a-80c5-7bbf3c4c0815,f7eddada-98a0-4631-8bdd-5253b773fbbe,종근당 락토핏 골드 180포,뷰티/헬스케어,7,2025-08-29 08:58:24
91586062-73b2-4ae1-9c62-6d4672eecda8,708484fa-2fb1-49e3-b5f1-1258422bed01,잔스포츠 백팩,패션/잡화,4,2025-09-23 18:35:56
4e49a563-d923-4dbc-a64b-aeed857f89de,08a93944-1451-4d18-8fe7-755a8e887307,아베다 샴푸 1L,뷰티/헬스케어,8,2025-09-24 20:54:09
7370c7ba-1142-40fe-982f-8ebd41743202,e79ea49c-24e8-48c5-a3b2-b7b3e4e73f93,다우니 섬유유연제 4L 리필,생활용품,5,2025-09-12 06:28:04
d4ab0f58-e036-47d0-91a1-c5e226161588,faabf0d6-4ef5-443f-9cf4-086f642a966a,피카소 칫솔 20개입,패션/잡화,8,2025-08-04 09:26:28
49c29672-ca01-4b1f-99df-ddbcac947f27,e7abf5d9-c0ab-43f2-8e94-36cd8b39ab14,크록스 지비츠 세트 (20개입),패션/잡화,7,2025-09-20 12:31:29
2afa4fd3-eef8-4d17-956c-cfbf426cfb5a,bffa1569-fc42-48ec-b1ac-0b7b184a4bb3,닥터지 선크림 1+1 기획세트,뷰티/헬스케어,4,2025-09-01 12:51:56
aa3f859f-068b-4a25-8752-98d1fabfdf18,0d044e5f-6385-4ce2-8c45-1dd828c2d47c,로얄캐닌 강아지사료 8kg,생활용품,5,2025-09-30 02:01:49
7e0a7b58-ff0e-4512-b265-4a0c875786a0,fe655fe6-3068-4b11-9bd7-4d5969f0af68,신라면 40개입 1박스,식품/간식,7,2025-08-07 18:39:10
5f5ee656-642d-4709-b572-d7d13b6ed46b,76c80a29-2625-4183-925e-097e3ec34c42,로얄캐닌 강아지사료 8kg,생활용품,4,2025-09-20 00:36:11
b783a367-b440-4d69-908b-3c7d8b3a789e,724ba7c8-9043-4f57-ba9f-bb3a1d5eef53,코스트코 소불고기 (4kg),식품/간식,8,2025-09-28 03:16:01
5df43457-e913-430b-8b77-0ebaf63afb7a,3d24c8c1-9f4e-451a-b3fa-2c88d9bafd45,하림 냉동 닭가슴살 2kg,식품/간식,3,2025-08-23 12:39:01
864e98a8-9b54-40d4-bd91-18abc6e573a8,de0f140d-7d8a-4d85-b38d-7c5e0fb1c090,제주 삼다수 2L 12병,식품/간식,5,2025-09-23 15:52:41
37ac926c-9fe2-44b6-a7e9-63a5b9bfe343,df66284f-956e-442e-95a6-7d091bc4f305,비비고 왕교자 1.5kg x 2개,식품/간식,4,2025-09-25 10:26:55
6e59416e-e32d-4a49-9f2d-06f0d2910637,452e4d2d-261a-48ad-a97c-71db846d7e20,종량제봉투 100L 100매,생활용품,6,2025-08-30 17:24:54
ff627ba5-fce6-4279-932a-671d7b73ac5a,284a47df-3341-420f-878b-cf46c07bb758,하기스 매직컴포트 4단계 1박스,생활용품,4,2025-08-14 01:21:31
dcfc8237-7a22-4452-97c2-8c46039d07a1,85b699d0-eddf-4bd0-a9ac-69054f1f7cb9,KF94 마스크 200매 박스,뷰티/헬스케어,6,2025-08-25 14:33:35
f8034eba-6cf8-4f1c-9dfc-b55986a44a02,caa65a3a-736e-47ee-ae1c-4b39bebd317d,컨버스 척 70 클래식,패션/잡화,3,2025-09-09 13:51:20
186d3c9e-7fcc-4897-bf3c-fcd9ee38d747,7b2990b0-0fbd-4bdf-8ab1-8c49c7116c00,커클랜드 아몬드 1.13kg,식품/간식,6,2025-09-26 06:00:41
5ea107bc-5af6-44de-b264-ec900e151b7d,2a5fe9e9-80b5-4f74-860b-cb515c9a69dc,무신사 스탠다드 기본티 5장,패션/잡화,6,2025-09-03 17:01:20
7e22c743-61a8-451c-89ae-decadc9f34a5,462de92a-735d-4bca-b58e-b2e3b0c3c7ab,고려은단 비타민C 300정,뷰티/헬스케어,8,2025-08-20 00:20:59
e320a269-bf13-4555-9a7c-e65c3790c135,f5e0bec6-c3bd-4934-ac10-fc91dd779714,하림 냉동 닭가슴살 2kg,식품/간식,8,2025-09-24 17:26:51
e0f4df82-edb1-481c-be71-39be0d0a0f9a,2705abfa-4ffe-4e51-9404-661e6bcfef28,커클랜드 아몬드 1.13kg,식품/간식,6,2025-08-22 05:59:28
d0d50dc1-af66-4823-9312-33c4641f0d3e,effd4a29-e348-434c-a5b6-1ac3c7d20cd8,유니클로 에어리즘 3팩,패션/잡화,3,2025-08-04 04:28:23
49613641-a6d1-4d3a-980e-8a6c6e92261b,0ee8b2ec-1526-4781-aa59-431a8ab72774,리스테린 1L x 2개,생활용품,4,2025-09-13 12:10:01
27e3f331-6caa-4878-adda-7f2e4f36f1ea,dd8714f3-6f36-476b-9770-49dcef8b1c79,아베다 샴푸 1L,뷰티/헬스케어,4,2025-08-10 13:01:08
ce25e182-3bd5-4f7f-b0bf-2aeaecbbbd91,aeb85ec2-7045-42d1-87f3-31459b46df1d,잔스포츠 백팩,패션/잡화,5,2025-09-03 17:27:33
e9f9f4a6-5fc0-4b32-8d43-04ef39e4d567,abe5078a-86e3-4595-a21b-094c59e6cd28,고려은단 비타민C 300정,뷰티/헬스케어,3,2025-08-26 15:38:21
f310a92f-5a01-4291-b3e2-e3755b1bab32,d316770b-8ec4-4bc3-bc2f-a93b14f06d59,닥터지 선크림 1+1 기획세트,뷰티/헬스케어,7,2025-09-18 09:31:25
20c4ee5b-13bf-44db-a751-453dccd85957,227a35c4-2a99-416d-90a8-7aaa829d90f2,커클랜드 아몬드 1.13kg,식품/간식,8,2025-08-04 19:34:17
56e8f248-8add-43f8-b571-8589b2f5c78d,96a95350-9013-4dd7-85cc-92ad10fc5846,아베다 샴푸 1L,뷰티/헬스케어,3,2025-08-12 11:07:00
4dbb5d2d-3225-42ff-9895-7e3d3e8ed9ea,82db7aad-f794-495c-90ad-6752d1a0bdf1,햇반 24개입 1박스,식품/간식,4,2025-08-15 09:59:41
85534781-17a1-415a-8f0e-d0629e53541f,95430abd-7ff5-43d8-9c61-12a29bec90c5,크리넥스 3겹 화장지 30롤,생활용품,6,2025-08-27 20:59:31
d6f90290-c961-4240-9523-aa3f1e78f7b8,7f299339-a0f5-4bc3-95b1-2af211e04a0d,KF94 마스크 200매 박스,뷰티/헬스케어,6,2025-08-19 05:12:34
08877975-c1d6-49fa-8a68-013ce43a840f,870563ce-991b-43ba-9949-67a91a0aca07,하림 냉동 닭가슴살 2kg,식품/간식,6,2025-08-31 04:30:19
4dae303f-fead-416b-a94f-54bd47efe252,60244832-8da4-4aa1-8541-7c54c42bff44,코스트코 소불고기 (4kg),식품/간식,5,2025-08-27 18:25:38
4c86d21a-0dd4-4c87-9955-3db21766ad02,aa1ee0e3-1e78-493a-9f98-3570d3ae5427,고려은단 비타민C 300정,뷰티/헬스케어,6,2025-09-12 03:43:11
8e077362-0244-4809-a453-0760b5c48e2c,a3584b76-bf53-43d9-b42e-f3b434cd8a2d,바이오가이아 유산균,뷰티/헬스케어,8,2025-08-18 12:31:22
a2c951cb-3af3-406d-bd7f-555e010ede95,10fbdd48-bebd-4d88-833f-0961068aa241,메디힐 마스크팩 30매 박스,뷰티/헬스케어,4,2025-09-13 05:03:26
a7f939ec-9a3a-40d9-baa0-bb09da7c9aa7,076eeccf-2016-4796-89e7-612c5d8e1fae,듀라셀 건전지 AA 40개입,생활용품,3,2025-08-22 14:55:48
6b647bff-44e8-4dd9-9071-004ae80a637a,2705abfa-4ffe-4e51-9404-661e6bcfef28,아베다 샴푸 1L,뷰티/헬스케어,8,2025-08-18 17:17:24
40dfd77c-5fc2-4b70-b345-7f9ac1942458,e4bb70a1-29c4-485b-919e-cab6fe1fe1b9,나이키 스포츠 양말 6족 세트,패션/잡화,3,2025-09-06 21:33:01
27bffb99-4029-4a2d-929c-6058930718b4,250bf0ac-a851-4099-9e76-76c93f0edbc2,KF94 마스크 200매 박스,뷰티/헬스케어,7,2025-08-12 06:47:34
94806947-4676-4775-83d8-9f14a2ec3d41,dac26082-7037-4afe-a33d-a2c024a31bd6,크리넥스 3겹 화장지 30롤,생활용품,7,2025-08-30 20:15:39
4236b775-0eb5-43fd-9822-78cd18d68a77,5b04c50e-4141-41a1-b38f-cbcceb3c8b52,햇반 24개입 1박스,식품/간식,4,2025-09-01 20:31:40
be9aafef-3eb9-4a99-a919-4909d99a9ff5,318395aa-68f0-4c17-81fc-99ed84efa3a3,비비고 왕교자 1.5kg x 2개,식품/간식,3,2025-09-24 11:03:16
f2a29e2b-c799-43a5-b86d-4d907ac906e9,340701f2-40d4-4d02-87b0-4c9b33ec0208,리스테린 1L x 2개,생활용품,3,2025-09-25 01:52:37
989e1c1b-5763-43fb-b7f7-246b4772c30f,f08ede21-a804-4485-955c-0672e5e747c3,리스테린 1L x 2개,생활용품,7,2025-08-09 11:11:02
086fec1c-77b6-42d6-9aa9-8061109c47d8,d8e0ff8b-6561-4ac4-a403-d201d3e06333,제주 삼다수 2L 12병,식품/간식,3,2025-08-10 04:58:38
c5ab80eb-4749-43ba-afe6-fddcf1a5a8d7,ff2b280d-bba5-4773-aa42-862f7931134f,컨버스 척 70 클래식,패션/잡화,7,2025-08-17 21:51:34
d381b23c-1183-42a0-b06e-d7d98148949b,cc81bdcf-04ad-409c-90dd-2d5249ecb664,종근당 락토핏 골드 180포,뷰티/헬스케어,5,2025-08-14 14:20:09
f784b972-1800-4f75-ae5a-590e7fbe5b21,da294bec-3246-45e6-917f-217f697c12be,하기스 매직컴포트 4단계 1박스,생활용품,8,2025-08-03 03:06:49
744fa5ae-4ff9-484d-aacd-8b1338b3464d,421ddf5b-542a-4d33-bcaa-9734bc9d74a6,나이키 스포츠 양말 6족 세트,패션/잡화,5,2025-08-26 01:33:12
346d30f5-2b7c-4d6d-85b3-bb4ad6f856a5,b65a7357-cc2d-4fdd-9d0c-b78493af9272,피카소 칫솔 20개입,패션/잡화,8,2025-08-09 05:06:29
62d3af77-d9f1-4f3a-a8ec-c11a0b8ea751,becf2410-7e83-4f94-a0eb-85893d3f80fa,질레트 퓨전 면도날 8개입,생활용품,5,2025-08-29 00:37:22
e3bae58d-d4a1-4ed4-bf43-28bb920f7cd3,3b53be17-2625-418b-952e-b40417124858,비비고 왕교자 1.5kg x 2개,식품/간식,6,2025-08-20 04:23:23
af38d490-f9e2-45ca-b4cb-399c8021d7a5,b6f01ef0-60c6-4699-a52d-42679e22e29b,커클랜드 아몬드 1.13kg,식품/간식,7,2025-08-13 19:31:52
e45ea875-0188-4b08-bbc5-ba3e7a693dc9,d8ebd3d8-180b-4c3f-9b92-62bb4f074747,하기스 매직컴포트 4단계 1박스,생활용품,5,2025-09-15 14:56:38
6d3752b6-84ba-4f32-b428-70dcb15b1373,9517d5e4-3132-4da6-9f7e-82fdf8dac36d,상하목장 유기농우유 24팩,식품/간식,5,2025-09-04 13:51:35
ab95d8c3-f26e-498c-b915-d46b97ae9c46,e193cad7-8c71-4efa-aaba-3e2213df3804,비비고 왕교자 1.5kg x 2개,식품/간식,4,2025-08-14 14:19:54
9c2ceef4-8de6-44ac-b820-39c8276f17e2,90fdc451-2c16-49ef-9a81-1c26bf6cbabc,크록스 지비츠 세트 (20개입),패션/잡화,4,2025-09-20 09:31:18
502a3a30-4791-466a-ba6b-04dc233e83c6,4dd7aab7-3765-4fbc-a3c2-811b4e571532,닥터지 선크림 1+1 기획세트,뷰티/헬스케어,7,2025-09-23 17:02:51
1dae2bf9-0758-4713-932d-cca9dd68b915,1ad289d0-0c12-4efc-a307-e013ce6a7c17,질레트 퓨전 면도날 8개입,생활용품,8,2025-09-16 23:34:46
9af8ef61-0df7-4aff-893d-43364617ad6e,4912336d-018c-4c74-9b4b-898f385b33e7,종근당 락토핏 골드 180포,뷰티/헬스케어,8,2025-09-21 09:33:39
187f14f0-bc2a-4ca3-99c0-06abe2dbf2af,4526f449-0107-43ff-9932-f27da8a09cda,바이오가이아 유산균,뷰티/헬스케어,8,2025-08-14 15:51:58
70972ecf-6b7d-4f82-8b2f-9e4fe7747133,fe6f5913-dc3d-4d5e-a1d6-04db95a814f6,커클랜드 아몬드 1.13kg,식품/간식,4,2025-09-18 12:43:59
7163b464-890d-4c87-9639-74c399af10ec,b8566843-aaee-4e62-98fc-fe31067c0586,페브리즈 1L 리필 x 2개,생활용품,3,2025-10-01 10:56:05
14d3e79a-e793-4d41-acf8-da09853dedd3,850ea705-73e7-45aa-b1ef-7a9aa744459a,바이오가이아 유산균,뷰티/헬스케어,5,2025-08-29 19:50:44
09f652e1-b2e9-4030-8cd0-5002eb3bcd72,723227ac-8098-4fc4-b5f4-47c97a39ff89,듀라셀 건전지 AA 40개입,생활용품,4,2025-08-10 21:23:13
c0373361-2a17-4917-8308-f66b1cd0ac92,c70da4a5-b041-48c8-8bc7-d80e0deb862f,유니클로 에어리즘 3팩,패션/잡화,8,2025-09-06 09:30:07
e8c9c0bd-5ad7-4c4f-9c01-1c1b9ed22eb5,b493ecb4-159c-4995-bcac-f86f56583927,페브리즈 1L 리필 x 2개,생활용품,6,2025-08-11 17:48:14
158a4a8c-0ce9-4b81-961c-efa5411c6edf,f7f4a597-6447-4cfd-b040-8dc9e9a25c27,페브리즈 1L 리필 x 2개,생활용품,3,2025-09-06 02:28:03
17bdb3a0-5d13-469a-ab32-5e0eacc10cfa,fa78ceec-4140-4b6d-a5f4-ad5f6af90fbf,햇반 24개입 1박스,식품/간식,6,2025-08-19 22:23:48
3f7fb6c9-68e9-4616-8f75-2001b1de3115,dc8a8f01-4653-4016-a575-c09352edc7b6,종량제봉투 100L 100매,생활용품,3,2025-09-09 11:11:08
95a620d5-42df-48b6-aba6-d8fefdd53acb,2bb64a90-64a1-4d58-9f5e-4e9712055a35,유니클로 에어리즘 3팩,패션/잡화,4,2025-08-21 04:27:34
017f28c3-26ba-42c9-b6c3-a8d07c0d4ad4,713d976e-85a2-4c84-95ea-fbaae162ce06,페브리즈 1L 리필 x 2개,생활용품,8,2025-09-24 18:00:35
99f6b515-2d73-4d95-b15e-9b1b27cc6077,87d8caef-7c79-4772-be31-bc75da1cd938,닥터지 선크림 1+1 기획세트,뷰티/헬스케어,8,2025-08-27 02:32:36
0179f45e-8fcd-4b75-9420-1f3b2dd3c1f3,967da20c-ac72-4e27-9e55-c0f7e062651b,잔스포츠 백팩,패션/잡화,3,2025-08-04 13:49:53
8a29e96f-57f1-4945-9627-dd6d57f8a813,17a07348-56ac-41d3-a3d5-0c968783085e,필라델피아 크림치즈 1.36kg,식품/간식,8,2025-10-02 00:51:35
de6d26fe-e1e1-4909-9b14-32ef3e01fe12,627726e2-6b17-4202-b00a-25efcf25592a,네스프레소 호환캡슐 100개입,식품/간식,3,2025-08-11 04:44:28
e690f3ef-1932-4de7-8950-6a5d26b4579b,d61a3ef4-89d6-4541-a876-4f49556c4910,크록스 지비츠 세트 (20개입),패션/잡화,7,2025-08-08 23:10:04
0387c9d8-6a4f-4096-8299-1405f67a35da,3a00027d-95cc-4e0b-8330-ff1e2e2ad6e6,네스프레소 호환캡슐 100개입,식품/간식,4,2025-08-18 13:31:35
396471bc-8591-498d-a2a7-37103084f82f,5bbed10b-c475-4c8d-b236-3d547975b330,제주 삼다수 2L 12병,식품/간식,5,2025-08-16 23:07:37
98bd6011-a8cc-4b57-b66b-274d9ad77cd8,d06f1c59-6aa0-434b-8d03-fdc936b1791c,제주 삼다수 2L 12병,식품/간식,5,2025-09-05 00:30:42
0269a6e5-5f98-4e37-94f0-e635cf12067a,8d238ed3-c4f0-4c57-aea6-10e282de1c74,하기스 매직컴포트 4단계 1박스,생활용품,4,2025-08-18 08:58:37
192072c3-0570-4be7-afa8-4b0ed2e507a1,00d2a1d1-2b0b-4003-818a-b336f5d24578,커클랜드 아몬드 1.13kg,식품/간식,7,2025-09-22 11:54:30
879a8d33-0b0a-4eb1-9cb3-2c8f3bd3297e,83d703ae-35ac-42ef-bf27-0528b95b9514,컨버스 척 70 클래식,패션/잡화,7,2025-09-23 17:33:14
b41e835f-85a5-45fc-b4d7-4973b8e7b376,4e0c410f-0d32-48cb-adda-604a3fed4309,네스프레소 호환캡슐 100개입,식품/간식,4,2025-08-21 15:48:29
e59ee75d-c11c-4365-9c6d-81a5aee535c0,95c0746f-040f-4201-9b92-6a2327b7076e,크리넥스 3겹 화장지 30롤,생활용품,4,2025-09-18 06:47:15
dac7cea9-f98e-462b-ac28-17507fc44235,620fa552-b7fd-4691-ba86-ec379a85fd34,컨버스 척 70 클래식,패션/잡화,4,2025-09-05 22:08:20
76560e7d-3ecf-4b79-a55b-59b24c0dc842,031c8374-5c83-4da2-b34c-92540808181a,유니클로 에어리즘 3팩,패션/잡화,6,2025-08-05 16:46:19
d9d2caa6-0025-48da-9b23-dca7b0bfcf50,56fd3ac7-63d2-4826-9a14-72d3f9434003,리스테린 1L x 2개,생활용품,4,2025-09-04 20:02:13
d9add44e-cb17-4975-a2b6-fa9dae081adc,0897d4be-bf78-443e-872b-e968e39ef1a4,커클랜드 아몬드 1.13kg,식품/간식,3,2025-09-09 14:26:32
d3541d94-4599-43e4-9bfc-d8345f4cd1da,ada1b04f-642b-408b-b29e-7e1306509929,KF94 마스크 200매 박스,뷰티/헬스케어,4,2025-09-13 18:55:37
7a3bc82e-6784-4caf-9676-cd025f11b3e0,3f8a93d1-c8cd-4c70-936e-55db46bd965a,고려은단 비타민C 300정,뷰티/헬스케어,5,2025-08-12 20:41:32
e03b9e12-74fd-446c-a449-a64d3a4fd910,1db0a28d-bb96-4743-bdee-775948e9e60e,로얄캐닌 강아지사료 8kg,생활용품,3,2025-09-21 13:22:58
cf96c329-7e99-496b-9512-57574a26afca,922825f1-69b9-47fd-9d6d-2944900394d9,다우니 섬유유연제 4L 리필,생활용품,5,2025-09-10 21:09:24
4ca880db-c73b-461f-94ae-f92da84d30f9,6d83ce00-ecaa-4f66-a7fb-21637752abf9,종량제봉투 100L 100매,생활용품,3,2025-08-23 10:11:34
d8bde43b-73e0-4eec-87c4-50ddf9582701,09e2673c-488d-4d09-a858-9f1174cd872b,종량제봉투 100L 100매,생활용품,8,2025-08-19 01:42:54
8054e56e-ab31-4ee5-aa67-5e18c23ebf22,0dcc0887-50ac-4a42-a312-d58809cc946c,세타필 대용량 로션 591ml,뷰티/헬스케어,8,2025-08-21 06:25:30
1cf8a6c5-830a-45a5-976c-1e62f523b81a,7e1a7688-4a7e-45bb-bfe0-c4a95e06adf2,아베다 샴푸 1L,뷰티/헬스케어,3,2025-10-02 02:34:05
8e6fc7c5-c3e9-4a89-aa86-a43bb7bab3eb,b5599f63-4301-42b4-aff4-a18778ac7b00,필라델피아 크림치즈 1.36kg,식품/간식,5,2025-09-18 17:48:57
c6412317-c097-4320-be8e-f7a263341e04,965a5e32-17cb-45a0-a1ea-913f8108d304,베베숲 물티슈 캡형 10팩,생활용품,5,2025-09-28 17:39:47
c0ae68a3-7c29-4710-a1de-be1be60a8d6f,94bd8373-ca59-4587-a52a-bbda0d5915df,제주 삼다수 2L 12병,식품/간식,7,2025-08-09 07:14:52
442ae2ee-c7f9-4724-9d35-df0b6108a1af,3da6928c-1fc5-4755-b8d2-49afac6b1b42,잔스포츠 백팩,패션/잡화,8,2025-08-24 19:43:36
dc590534-5364-43b3-b79b-8e07c04d9da5,67c83b70-7dae-4f2a-a363-1e2fa27942cf,나이키 스포츠 양말 6족 세트,패션/잡화,7,2025-09-19 19:20:09
af4d58e7-c9d1-4352-9ac3-2dba589d9240,b8566843-aaee-4e62-98fc-fe31067c0586,세타필 대용량 로션 591ml,뷰티/헬스케어,6,2025-09-25 22:19:44
6fdda686-6b21-4648-8b7a-0447f095c289,6bb86fe2-cedb-4694-a33e-d7dd32fc4959,다우니 섬유유연제 4L 리필,생활용품,3,2025-09-16 06:14:00
f3db5026-d22e-40a8-a3ea-a642484e5360,ca2af917-18e8-4c49-869d-53a13d8de5b6,잔스포츠 백팩,패션/잡화,7,2025-09-09 09:46:33
cd4f2318-cc6e-4724-92fb-4037626121d1,d71ee708-2b3a-4b91-8eac-47c3df013158,아베다 샴푸 1L,뷰티/헬스케어,8,2025-09-03 02:10:16
53cd5584-a0ae-4ed3-9926-863a56424ffe,8849de37-86b5-409b-a927-2edf65b51d25,다우니 섬유유연제 4L 리필,생활용품,6,2025-09-07 14:53:22
09fc3160-a32d-485e-b6fa-9bbeec9429b4,bd048d37-79f5-4a1c-b49e-46bfe53478cf,비비고 왕교자 1.5kg x 2개,식품/간식,8,2025-08-22 03:19:31
04e08c59-64e4-4327-bf36-e41cb1a84ec4,44ebcfac-09bf-4b9d-8a94-134baf6de549,유니클로 에어리즘 3팩,패션/잡화,5,2025-08-06 21:08:34
59932ab3-e9f3-49a3-8f73-9de17b8fe2bc,bc55204d-bb2a-42a4-a372-d834aed3f6fb,필라델피아 크림치즈 1.36kg,식품/간식,5,2025-08-06 08:07:43
d6a7b903-49e5-46d0-8d36-e68e317b9d91,fa10e319-d6c0-4149-97f6-ecb228a2d5ad,세타필 대용량 로션 591ml,뷰티/헬스케어,8,2025-09-15 18:42:49
84b9b5bc-d71d-45b1-8abc-743a7c6ce8b4,13f9922e-70ca-4a12-ba40-011298727343,컨버스 척 70 클래식,패션/잡화,6,2025-08-21 01:37:03
c23cd04b-7b12-4b3b-a119-8c21a475c5a2,2d5dc36f-33d2-4d40-9860-4e397fc8929e,듀라셀 건전지 AA 40개입,생활용품,4,2025-08-03 04:01:50
b096ce25-1f59-48b5-b64d-d02d145e9e92,f0e9ac9f-d23c-43f3-b06f-ff662780d1de,다우니 섬유유연제 4L 리필,생활용품,8,2025-09-27 05:44:35
0d8de102-8e07-405a-bc68-a76f9082fabe,ccf47605-feff-45b1-806e-aeeff3c56c7e,캘빈클라인 드로즈 3팩,패션/잡화,8,2025-09-06 07:33:01
949acfdf-8107-44db-8f94-687a8e58355f,a442477c-744f-4c1c-b3a1-39cf3b7fe1fd,베베숲 물티슈 캡형 10팩,생활용품,7,2025-08-04 11:15:14
b2189bb1-f937-4397-9820-f6084be408bb,6eef7870-5d1f-48c1-b33b-674a330f7d03,질레트 퓨전 면도날 8개입,생활용품,7,2025-09-07 23:26:00
5aef31a2-b5ca-4156-aab0-d290b9357822,7036b3c0-d6c2-4f57-8e25-d493e6cc7bea,코스트코 소불고기 (4kg),식품/간식,5,2025-09-04 16:38:46
cbef98c8-f695-4a8b-bc24-473a3d74b9e0,3a00027d-95cc-4e0b-8330-ff1e2e2ad6e6,하기스 매직컴포트 4단계 1박스,생활용품,7,2025-09-12 03:37:19
d3845cb2-3ca2-42be-bc7b-bbe90098c152,7bbfaa50-8659-4547-ba82-f6cad42a9af4,나이키 스포츠 양말 6족 세트,패션/잡화,6,2025-08-03 12:41:22
35e5fadd-eaca-4dcf-9c4f-117692778df3,80412449-7950-435b-98a1-a6b83cbd4378,닥터지 선크림 1+1 기획세트,뷰티/헬스케어,4,2025-09-02 09:45:29
3e9a526c-7069-4a9c-b9ab-eb17fdecf9c5,2c431eb6-6bfd-468f-82ef-369fe16e5111,세타필 대용량 로션 591ml,뷰티/헬스케어,8,2025-09-16 19:20:52
96ca576b-6ed4-49a9-909b-b95e12f9e4f7,7b2990b0-0fbd-4bdf-8ab1-8c49c7116c00,크리넥스 3겹 화장지 30롤,생활용품,3,2025-08-11 01:56:51
c729f608-b9e8-43bd-b192-d4729bf3fefd,b88ab9b9-fd4a-4cf8-bad2-8094330863e6,듀라셀 건전지 AA 40개입,생활용품,8,2025-08-15 19:47:11
3c5de59d-43ee-470b-bb3e-1d2d863de69f,a47f27d6-da8b-4d43-b049-fe5d50c572bc,유니클로 에어리즘 3팩,패션/잡화,4,2025-08-12 03:00:06
99456816-09b1-4949-bee5-a322c0d0b0cf,2523786f-ad7f-457b-85d9-c513ccf109a7,질레트 퓨전 면도날 8개입,생활용품,4,2025-09-29 12:59:23
1b162054-b5ba-4516-abd8-3e78791224bb,620fa552-b7fd-4691-ba86-ec379a85fd34,네스프레소 호환캡슐 100개입,식품/간식,3,2025-09-22 08:14:39
15244cec-f5a3-4bd3-8fb0-6d0e419d58ed,f05cf812-d8b8-4aa3-82e6-0717af26f452,리스테린 1L x 2개,생활용품,7,2025-09-26 07:32:37
647892f0-f706-4c77-9225-493a5c9dd962,31cec8c9-15a4-4311-8c4b-e5eb5403f888,비비고 왕교자 1.5kg x 2개,식품/간식,6,2025-08-14 02:48:31
9a5a18db-33d7-4b9e-9fb6-a1aecee4a7e7,f6f75da9-7691-4f5e-97bd-67cec3ea4d11,다우니 섬유유연제 4L 리필,생활용품,8,2025-09-29 08:52:54
8e0a6c28-a9cc-4920-aacc-e0108bb3331c,f08a37d8-01d2-4007-ae5f-0c5bc9143375,캘빈클라인 드로즈 3팩,패션/잡화,6,2025-08-15 23:43:33
fc4d191f-906f-4ad8-9e8d-5c1441dd5bb3,355a4e25-728b-4df4-8ead-daa88d76a536,리스테린 1L x 2개,생활용품,8,2025-09-17 18:31:47
c04748b7-09ac-4f16-87b7-61706b8d6ac6,aaf34465-45c4-4fe3-a958-211019293f0c,코스트코 소불고기 (4kg),식품/간식,3,2025-09-19 19:15:59
977dd70a-1136-4882-be83-88f1e08c2959,adea5fad-b1ad-431c-9f56-96a6acec9d1c,잔스포츠 백팩,패션/잡화,4,2025-09-25 13:18:18
0fc9bfc5-902a-4e3d-bba1-7d346bb8e886,d1479cb4-bb29-4017-a704-043fb495688a,종근당 락토핏 골드 180포,뷰티/헬스케어,3,2025-09-25 08:41:24
7ea62325-9678-4f6c-b38d-fdf7d8ff1e9f,47678ceb-c892-4ad1-9a7a-d6ccd6e6de35,바이오가이아 유산균,뷰티/헬스케어,3,2025-09-04 21:15:16
2a951df3-f011-4161-8902-2c77a164c190,238b3d5f-2ed0-4882-894e-98cb9d840bd5,고려은단 비타민C 300정,뷰티/헬스케어,6,2025-08-14 10:24:11
f9e9f861-bbd7-410a-9bf7-9b56a55e8e0c,9690a202-9c93-40f7-bf24-b59770185304,종근당 락토핏 골드 180포,뷰티/헬스케어,7,2025-10-02 11:35:21
99e6db03-2723-4a47-bba0-e94491fda944,9de4f3d4-0b1d-462f-ad97-a5387dd3e37e,나이키 스포츠 양말 6족 세트,패션/잡화,6,2025-08-05 23:02:32
dd72177f-b0f6-4ed3-9fe2-fb7ac38a54fe,56a96011-3178-45c1-9727-ed2222c6567f,세타필 대용량 로션 591ml,뷰티/헬스케어,7,2025-09-02 14:10:40
26c7dd0b-77de-48bc-8178-91b70f47acd0,a30d8a9d-b115-4341-a4fe-fa68f2d1a318,닥터지 선크림 1+1 기획세트,뷰티/헬스케어,4,2025-08-26 16:40:02
4938e14a-2e1c-40dd-a92a-ba1b2d3f1fec,fdf94b27-37ef-4083-b822-9fed4cac05c9,KF94 마스크 200매 박스,뷰티/헬스케어,5,2025-09-02 02:30:23
99946746-3777-4c0e-9106-cc8437b04369,9d0e188a-1b8a-414e-b1f8-1c965981e73b,리스테린 1L x 2개,생활용품,8,2025-09-23 22:50:56
75ab3995-6333-4842-aa5c-31b536aa0e56,a6af5b72-96da-4b9b-8665-6d21d69f43bc,종량제봉투 100L 100매,생활용품,7,2025-09-13 03:10:22
f2fc67e8-9967-4b2c-ad0e-3a62f20eef81,4647dbe9-d32c-4f07-b127-e7e7cafcba1b,메디힐 마스크팩 30매 박스,뷰티/헬스케어,4,2025-08-31 07:08:58
7f7532da-08a3-4451-9616-661bb9588cd8,33168b15-5f01-4c19-b7a3-5d51b6dc0aaa,종량제봉투 100L 100매,생활용품,3,2025-08-06 14:05:32
ef397496-a252-4e87-90d6-add3787d52b6,2c4b4397-7dcd-4d45-9f28-020c3d63675f,듀라셀 건전지 AA 40개입,생활용품,5,2025-08-13 03:41:39
126f3fe1-e956-418e-a805-17fa30186687,b22c51cf-96ca-4ce8-a5d1-42f385457a34,유니클로 에어리즘 3팩,패션/잡화,7,2025-08-08 03:18:53
aee89244-e148-4483-965c-cb0c536637b7,8fc76add-0e96-4cc6-a8ab-6986a9d4e901,햇반 24개입 1박스,식품/간식,4,2025-08-31 22:53:13
2f732778-c1ea-42c0-993a-3856ff64dc97,0a6132ba-17c3-4ae8-9e66-16f0fe64ef21,로얄캐닌 강아지사료 8kg,생활용품,8,2025-08-16 02:24:13
a56f45a5-538d-488b-a2e2-6270c746c647,d5671a7f-98cb-4621-9e5b-8419a194d372,네스프레소 호환캡슐 100개입,식품/간식,4,2025-08-27 21:11:51
6fc57155-adb3-4874-910c-dd17dc17ce03,4a5d6a5e-8c5f-4232-b8c1-ad0113153feb,비비고 왕교자 1.5kg x 2개,식품/간식,6,2025-09-08 15:50:47
01a76a8c-b140-4b96-86d4-fbad33d4ad0d,d8ec9741-b447-4cfb-b1ed-bef9eb85783b,유니클로 에어리즘 3팩,패션/잡화,6,2025-08-17 15:57:35
a8ba5ea6-2841-427e-a834-f31292e2aeb6,e20188e0-df96-4341-a9d0-40a4fb052248,컨버스 척 70 클래식,패션/잡화,4,2025-08-30 01:21:44
d2a7281f-76c3-4088-9060-b9fecb0cb5b6,69bb4d78-cdc2-48b0-8705-63224070b245,컨버스 척 70 클래식,패션/잡화,7,2025-09-04 19:28:43
2bdde328-74fb-47e4-8ee8-c966111cd6e6,95fcf073-07aa-4cd8-b59b-64ede66949a9,신라면 40개입 1박스,식품/간식,7,2025-09-11 19:27:26
4c8cec05-63cb-40bf-aca4-5551f721505e,8ee08679-90f0-4681-b0c4-9be84173b192,캘빈클라인 드로즈 3팩,패션/잡화,3,2025-08-10 00:42:59
beaf0188-e68e-4923-8a52-c55ccb9bdc0d,cc7a61bc-af37-4ff5-92f4-95b919e216d6,무신사 스탠다드 기본티 5장,패션/잡화,6,2025-09-23 08:35:24
49495639-f467-4950-8a67-56f23532c49c,ba307124-22ca-4bcb-9c5e-bdf4f5d41ab1,컨버스 척 70 클래식,패션/잡화,8,2025-09-07 03:02:21
221a97eb-6d89-40d8-84aa-caaed484d8c5,70a3ac2e-98e1-41b9-93ce-ef920934e067,아베다 샴푸 1L,뷰티/헬스케어,7,2025-08-10 02:22:52
f6a9aa57-ae63-4714-9566-aa43705f429b,ac0858ce-c3e7-4c1c-8c88-8fdb531174ad,로얄캐닌 강아지사료 8kg,생활용품,4,2025-09-20 04:27:04
9ca484ae-6839-4b46-bc4f-1c7d63719749,adbe9461-de03-42da-9dc6-2d29e56702b6,종량제봉투 100L 100매,생활용품,6,2025-09-01 17:56:51
5bd72943-2976-47a0-9e9e-ea6cc40a0b7c,44bf353f-fa90-4f70-b6f8-19a2985baffd,신라면 40개입 1박스,식품/간식,5,2025-08-31 21:59:23
41d51a35-245a-402d-b491-4371be92a997,aec7acad-e735-4b48-8cd3-54e8dc530ebc,피카소 칫솔 20개입,패션/잡화,4,2025-09-11 07:26:10
c4d63750-094f-4367-bf0e-4c5cf5732330,0fc11467-67c3-4bac-86a9-8dc52a6360b3,고려은단 비타민C 300정,뷰티/헬스케어,4,2025-08-05 00:19:41
beea614c-9e7d-4acd-af6f-da563da5ac97,946e6764-c9be-4b95-921b-d90195e170ee,아베다 샴푸 1L,뷰티/헬스케어,6,2025-08-05 08:17:13
bbd91ccc-1461-4d72-9534-90b9e09fe5bf,90fe5b0a-de54-4c8f-8f9c-e72853affb8d,신라면 40개입 1박스,식품/간식,8,2025-08-30 11:49:05
2a3af00b-73be-4130-9583-c448a83eaa26,10a682eb-0285-4b9c-bc3b-711c5128ada8,잔스포츠 백팩,패션/잡화,6,2025-09-03 15:04:48
499fdf94-b88e-42ce-9753-ad44e01215fb,70b9c4b8-c79d-4085-b4e8-ee959a2aafbb,베베숲 물티슈 캡형 10팩,생활용품,5,2025-08-20 17:55:04
694ac592-2694-49fb-935a-ef8803be7047,8fc36ca2-58cb-4ddd-9add-aef44cede36c,캘빈클라인 드로즈 3팩,패션/잡화,4,2025-08-11 20:14:30
003ba531-7c13-4837-b93a-e8ec84291ab3,d3a2f59a-58b5-45ee-843c-e1002b55e793,고려은단 비타민C 300정,뷰티/헬스케어,5,2025-08-16 03:34:52
e5fd0fdf-7cba-46d1-b7f2-535bfedb3e48,ff2d31c6-8120-448c-98d5-6f1bbc501ed5,캘빈클라인 드로즈 3팩,패션/잡화,6,2025-09-22 18:35:26
137ed31e-6d5e-4bb0-b66f-f4cf26cba5f7,e3385383-5a32-4a56-ac30-a4655112721e,페브리즈 1L 리필 x 2개,생활용품,3,2025-09-30 08:13:55
1b021026-cf84-4746-9e82-985c51e44346,ec9d2b21-5afd-409e-9fdc-4a34dcd9094d,KF94 마스크 200매 박스,뷰티/헬스케어,8,2025-09-30 00:24:05
ffc5a9d5-80a5-413d-91ea-df71d5a26e40,fd356f10-228a-4fcc-99a9-b395b4f898c2,아베다 샴푸 1L,뷰티/헬스케어,5,2025-08-12 12:39:39
d020ee64-89bf-451e-bcd2-574b44769443,8940bc8a-5396-425e-ba3a-7673f5849bfd,로얄캐닌 강아지사료 8kg,생활용품,3,2025-09-07 00:07:10
974b866f-7283-4d1b-a6e1-e2c990c8e728,85b3e92d-c05a-4b5a-a3e4-d1bd9781e63a,제주 삼다수 2L 12병,식품/간식,3,2025-08-13 19:32:21
59d8a199-522a-4982-a42e-46b00643c99f,4b28365f-acf9-4290-a941-f24df7f276a6,리스테린 1L x 2개,생활용품,3,2025-08-12 01:05:26
3ad0557c-ac1a-49e0-bf08-e3cda7691ef3,421ddf5b-542a-4d33-bcaa-9734bc9d74a6,네스프레소 호환캡슐 100개입,식품/간식,4,2025-08-28 10:59:18
1fec6311-7083-46be-a7e2-745830a7456c,da294bec-3246-45e6-917f-217f697c12be,KF94 마스크 200매 박스,뷰티/헬스케어,3,2025-09-04 05:08:02
eafcefda-7d39-4eab-84ab-16ec0267c5bc,7bbfaa50-8659-4547-ba82-f6cad42a9af4,하기스 매직컴포트 4단계 1박스,생활용품,8,2025-09-02 17:04:42
d815c4fc-465f-4fc6-b0c8-4a3cd60e06d4,8ef1c4fa-5a7b-471d-b454-6347bf2d705c,페브리즈 1L 리필 x 2개,생활용품,5,2025-08-14 19:39:47
7f279df8-a7e0-4b40-a53e-0d03cfbde58b,9e437d4e-eb56-47e7-b0c6-3ba71c0b6123,크리넥스 3겹 화장지 30롤,생활용품,7,2025-08-20 12:53:28
e6e3f8d8-50e4-4665-9f99-7f5bd2746432,ce828e71-70d2-4416-aa4e-3ff2fbc7992d,필라델피아 크림치즈 1.36kg,식품/간식,4,2025-09-27 18:29:38
ec6a7e39-653a-4dc8-99e4-bd9ed1601a6e,2030b5eb-5d0c-4295-92bd-bbb36f3e60fd,질레트 퓨전 면도날 8개입,생활용품,7,2025-08-23 10:04:39
317d3910-5973-4d49-be6d-6dd5ea7b7a18,4285a0a9-7953-4ec5-a35a-80ed6ebbb31b,신라면 40개입 1박스,식품/간식,5,2025-09-28 08:02:54
2a786fe8-5c25-477b-be16-8178e0c8b01e,293711c0-b78b-4187-ba5b-8ff10e0316ae,캘빈클라인 드로즈 3팩,패션/잡화,8,2025-08-10 11:03:58
f1b6e26d-dd0a-49a9-83ae-3875a173af0b,e73576c8-03c8-4d86-9c6d-3d1be9881980,다우니 섬유유연제 4L 리필,생활용품,7,2025-08-25 06:50:15
b8de35e3-6379-4388-855f-38033518e510,34daa118-5635-457f-9c16-dab105dadb3f,리스테린 1L x 2개,생활용품,8,2025-08-07 13:43:12
9688dc91-f100-4dbd-a6a1-8e64862e9706,537f04d2-e9f0-47fe-95ec-22ca58d60b85,질레트 퓨전 면도날 8개입,생활용품,8,2025-08-29 15:41:05
36aa73fc-e97d-4d4d-b4c5-9001a43f6034,21ef5ebb-1491-4d71-af5b-0c45431ce96b,필라델피아 크림치즈 1.36kg,식품/간식,7,2025-09-02 01:10:45
dfaf5a38-b2bd-47f4-b8aa-a5780dbfa395,9b3b093a-05ce-44e4-995d-043023b45a94,제주 삼다수 2L 12병,식품/간식,7,2025-09-25 05:26:12
9040a9a2-7f69-4b50-94de-327d6c06d9ad,adffdc45-574d-4be6-8369-db95838ba707,잔스포츠 백팩,패션/잡화,5,2025-09-24 08:41:36
49327666-4455-4458-930a-61ff2316d211,d8ebd3d8-180b-4c3f-9b92-62bb4f074747,비비고 왕교자 1.5kg x 2개,식품/간식,8,2025-08-10 12:59:12
9fc6948d-df73-448c-ac57-af68f95775b1,7e082484-4602-414b-bb13-4e1b22f61597,유니클로 에어리즘 3팩,패션/잡화,6,2025-09-25 02:28:23
d0e3ca08-aa60-428c-add3-cdf8b4c2f1fd,61bca9a9-1d6c-47d4-9ef7-7a5224f39d99,메디힐 마스크팩 30매 박스,뷰티/헬스케어,6,2025-09-27 20:42:32
85702e13-a794-4515-9732-186608bac50a,741cd2eb-010d-4939-854c-c49897f298e9,크록스 지비츠 세트 (20개입),패션/잡화,6,2025-09-24 19:46:52
c33b449a-9e16-4393-8c9e-10ea4bfb3626,d77253fa-c3cf-4581-abc6-eca48814a350,네스프레소 호환캡슐 100개입,식품/간식,4,2025-08-31 15:53:57
889bfe0d-1d76-4683-b47d-c73225e8959a,a74005e3-c20a-4866-953a-55444e9fd53d,종근당 락토핏 골드 180포,뷰티/헬스케어,8,2025-09-25 10:27:58
6dba2250-da4f-4ab7-8402-a16899c42189,3265be06-62c1-45fc-89a6-a22273648276,종량제봉투 100L 100매,생활용품,7,2025-08-31 16:41:27
fefb63d9-ef16-40c2-ad12-3ed81f4d7bb1,7bbfaa50-8659-4547-ba82-f6cad42a9af4,KF94 마스크 200매 박스,뷰티/헬스케어,6,2025-08-12 13:23:25
a1031c3b-905e-4350-8d4d-c353e37cf8bf,8c8a0fcb-5867-4890-a3c6-149ce5944e19,종량제봉투 100L 100매,생활용품,4,2025-09-10 23:55:49
a1c7af5d-af21-4bab-b6e5-705ddcdd6857,8124931e-1576-4562-a67d-0b9fa36ec47f,햇반 24개입 1박스,식품/간식,6,2025-08-06 18:17:00
13784928-8c86-4e83-bd19-e3eb2c65a7b6,f73f9bbd-f384-4559-9dc1-7dba8737790a,리스테린 1L x 2개,생활용품,6,2025-09-02 02:07:11
863e9fa5-b52c-43d3-816f-fb24ae063688,96b01076-8a57-4e57-a10e-90e4b68e053f,캘빈클라인 드로즈 3팩,패션/잡화,3,2025-09-12 14:25:41
c046854c-38c9-41aa-9659-bc4ac9f21592,47c1c239-840d-4b22-b835-790287dd91f7,메디힐 마스크팩 30매 박스,뷰티/헬스케어,5,2025-08-11 19:59:17
a04bcb3a-e9a2-4c0a-a6d0-39a3aad94710,96ab7a71-0eee-4b1d-8af8-7dfdbc9eaa7f,베베숲 물티슈 캡형 10팩,생활용품,4,2025-09-04 03:55:32
8bea6d7e-864e-45be-900d-dd715b9a475b,8eace67c-47e7-411a-b591-55d8bc23d7d1,무신사 스탠다드 기본티 5장,패션/잡화,5,2025-08-28 22:17:09
0ef71dc0-795d-4fb7-b4a5-cae87df6955a,0cc2164a-51c1-4d72-b13b-62ad83605085,유니클로 에어리즘 3팩,패션/잡화,7,2025-08-07 20:39:06
c9885d91-964f-4c77-a289-13dd499b1900,7f8439fd-c5ca-4139-b6b5-54d02704e450,종량제봉투 100L 100매,생활용품,3,2025-08-16 02:20:20
6a6872c9-3edd-4468-9205-9f1bb88b9079,b2a7b03e-44a8-41ca-8698-17fa493cf62e,종근당 락토핏 골드 180포,뷰티/헬스케어,4,2025-08-09 11:33:06
7d9c24fb-4a25-4764-a5e9-09b32ac177a5,0620b7f0-7cf2-4dd5-80a8-55e6eb43b50f,햇반 24개입 1박스,식품/간식,8,2025-08-11 23:07:41
e2c83a0e-8e84-4ab4-b974-b6aa3e3debaf,1a763312-15a8-4046-86da-a7c912d025e6,컨버스 척 70 클래식,패션/잡화,7,2025-09-28 22:12:23
606a9fec-8116-4184-9ed4-56c2fde4b95a,c685136a-3f24-4661-ab5f-b360df0a3f1d,리스테린 1L x 2개,생활용품,6,2025-08-03 04:42:03
aecab116-8ff1-472f-b71e-b767b874dba5,5b8789cd-5bcb-4cb9-9ded-c1877710a0b1,메디힐 마스크팩 30매 박스,뷰티/헬스케어,3,2025-08-13 04:17:14
6fb704f4-a95f-40f1-a8e9-6bb4cce1b2c1,7bb48e4a-e8cf-44fc-834f-21c95de1f843,햇반 24개입 1박스,식품/간식,4,2025-09-18 02:47:43
f76124de-c547-4beb-8801-a93dfb17d940,6c675cf9-e232-4d72-aab3-bd90797eaee5,피카소 칫솔 20개입,패션/잡화,4,2025-08-06 22:26:54
8fe0e8aa-dd88-4ece-973f-ad15af75a494,2b23d17e-b02b-4223-acb4-9320aa789764,질레트 퓨전 면도날 8개입,생활용품,7,2025-09-17 08:43:38
47a0a6fc-1e2e-4df1-97a2-57ced6453e77,2c431eb6-6bfd-468f-82ef-369fe16e5111,크록스 지비츠 세트 (20개입),패션/잡화,7,2025-09-06 20:50:52
4bfd3114-3940-4cb7-88f0-a41059b3acff,031e6880-ed48-48e5-815f-1013f279d831,종근당 락토핏 골드 180포,뷰티/헬스케어,6,2025-09-11 05:22:49
9331f5f5-1c39-482a-a3b1-fcf7bccf70ee,631ab9df-0b2b-4390-af42-a619c82a1604,바이오가이아 유산균,뷰티/헬스케어,5,2025-09-24 10:13:37
49acbd7f-669f-46f0-bd3b-15dd4a49c33b,93e76b68-7d9e-4148-846b-b96f9dd5c46d,고려은단 비타민C 300정,뷰티/헬스케어,5,2025-08-13 04:25:56
c9e6b215-f98f-42e1-b6b0-e0bdbcdd00b0,628fded0-42c1-438c-b9f0-14eb9bfad402,페브리즈 1L 리필 x 2개,생활용품,3,2025-08-28 11:10:50
64a58487-9b56-4a2b-906d-f0e42176bab4,08f1f953-fba6-4536-8591-8a7b456af235,다우니 섬유유연제 4L 리필,생활용품,3,2025-08-18 05:24:19
66a0abcf-c797-45b6-b53c-c70d076b1825,1c571768-d33b-49b1-853d-a077be899d49,아베다 샴푸 1L,뷰티/헬스케어,8,2025-09-29 04:08:51
5309a3dc-1b24-4437-ba1a-a4943d374ab8,0ee8b2ec-1526-4781-aa59-431a8ab72774,베베숲 물티슈 캡형 10팩,생활용품,4,2025-09-26 07:01:36
1780d813-82ec-4417-8fe6-c5f1b3ced0fc,74fad779-ab24-44ed-863e-6b01ac57cedd,KF94 마스크 200매 박스,뷰티/헬스케어,8,2025-08-26 20:15:06
3ba84cd3-3636-49dd-8f4e-7935897524d0,2e580427-f61a-4450-9cf5-53f4eb746e72,종근당 락토핏 골드 180포,뷰티/헬스케어,5,2025-08-10 18:27:10
8c040c85-ae80-49d9-87b9-f8c527ac6d7f,82eff467-a134-46d0-a7e3-650af6af19c4,커클랜드 아몬드 1.13kg,식품/간식,4,2025-09-04 05:46:52
01fd027e-fdcc-417e-a0c3-ba011ff6414d,33d8b9d0-4b5e-4f51-970f-e23ce777dc54,듀라셀 건전지 AA 40개입,생활용품,5,2025-08-19 03:42:42
84594997-9d44-4a6a-9959-7c3ea27e6386,8112eb8a-fcd9-46b9-831c-0e3cfbd8fc0d,베베숲 물티슈 캡형 10팩,생활용품,3,2025-08-20 18:44:26
98e17580-757c-460d-a88b-1f5b05f6aa84,e12fc170-8f80-4f0b-9302-9881dc3e8b17,아베다 샴푸 1L,뷰티/헬스케어,5,2025-09-27 01:15:35
bcebfee3-0305-46fc-bb44-4317aed3e9a3,c026627f-ebfc-4e45-becf-cceb654e4033,제주 삼다수 2L 12병,식품/간식,3,2025-08-12 21:24:06
9a5c7d80-6670-4d7a-bf16-933826e34fb0,86a12cc0-52b5-4c0b-a4dc-e1531524d388,바이오가이아 유산균,뷰티/헬스케어,8,2025-08-04 10:36:40
4fb07316-ace2-400b-b1ac-69b63610a302,f148adfa-d03a-403f-aaf2-a414143aaa80,상하목장 유기농우유 24팩,식품/간식,6,2025-09-17 11:16:23
fc8ecc81-128a-43e6-95c5-57ddeea09eea,fb4ee533-31a1-4b2f-a024-6109527ae478,커클랜드 아몬드 1.13kg,식품/간식,3,2025-08-24 00:18:31
72df5117-2e32-44dc-b756-5b50e7f3e81c,67222b10-c4d1-405f-aa92-c40530c1ddd1,듀라셀 건전지 AA 40개입,생활용품,6,2025-08-15 02:30:03
2cc9ab6c-d14e-486c-bb55-d82fc5a341a5,31658901-0acb-4172-9079-1a930b655eb1,닥터지 선크림 1+1 기획세트,뷰티/헬스케어,4,2025-08-19 06:01:05
58dfaed9-a29e-41e5-808c-9c93ba0b6481,c5acfd48-b902-406f-b9dd-21ab71e556a5,하림 냉동 닭가슴살 2kg,식품/간식,6,2025-09-21 07:00:33
71a146d4-d1d6-4433-bc51-dafef5fa5bb4,256a6012-7e61-4931-bfbf-9158111473c0,필라델피아 크림치즈 1.36kg,식품/간식,3,2025-08-25 23:18:18
f887380e-4f9a-4061-9125-e58ec6e2c592,a50b9d9b-6cc8-4ca0-b06c-5e2b8bc68300,피카소 칫솔 20개입,패션/잡화,3,2025-09-11 09:51:31
5cbd4225-37f3-4f8b-b651-3b8463c2cd47,810825cb-ae28-42f4-8589-2333842584df,하림 냉동 닭가슴살 2kg,식품/간식,4,2025-08-03 07:40:36
cc48f688-3daf-47fc-a46a-3376dcfd1aa5,58ed7d6a-1b39-498b-bb8e-1fe39f10a764,질레트 퓨전 면도날 8개입,생활용품,4,2025-09-22 13:58:43
0be7d246-dc3d-4fbe-be96-db1fac9579e0,617fbc20-d1f5-4bfa-b046-d2d27ec0336e,필라델피아 크림치즈 1.36kg,식품/간식,6,2025-08-29 08:13:37
62c5571a-6fa4-4d4d-a24a-7eae72ff74c9,699b3cd7-733b-4db9-aec9-4ada7560e0ff,로얄캐닌 강아지사료 8kg,생활용품,7,2025-09-27 19:08:42
aa21f861-ce14-423a-bf49-2a95e2779192,9114ec57-03cc-46fc-af3a-0946fb1aba37,캘빈클라인 드로즈 3팩,패션/잡화,6,2025-08-21 00:22:53
5fd60a62-9008-440a-ba4a-6eb7bfeeaaed,c80898ee-a98d-4026-84d8-e3e199d79f51,질레트 퓨전 면도날 8개입,생활용품,7,2025-09-19 15:19:21
3345dd05-61b5-47ca-8457-11b0afa5f3f4,97ba2efa-7fef-46be-bc15-09ed972880fe,잔스포츠 백팩,패션/잡화,7,2025-09-24 23:16:27
65fc9cfd-625d-4288-a7a6-1928ed86c3d6,0bc32341-0a80-4889-94fc-a19da96c323d,하림 냉동 닭가슴살 2kg,식품/간식,8,2025-08-25 21:43:58
9a025b64-442d-4265-9875-1f131dcc57ea,24d047a8-df08-43cb-8c97-956004d1aa6d,커클랜드 아몬드 1.13kg,식품/간식,4,2025-08-08 13:42:15
2d042e53-8bc5-4c65-a69d-e5422061e63b,775a4765-6600-4598-ac01-a501233392bd,하기스 매직컴포트 4단계 1박스,생활용품,8,2025-09-13 12:41:08
f0639899-5a7d-4ecd-91b0-710992621790,502b88c6-f403-4e18-878c-b979432c83ba,햇반 24개입 1박스,식품/간식,4,2025-08-23 07:02:29
ccebde5c-bc57-4520-982e-0d92cf337b81,66bbb03d-188e-4c42-ada2-df613e649446,베베숲 물티슈 캡형 10팩,생활용품,3,2025-10-01 08:21:10
c13cfd4f-3e94-4004-b780-571147cfce38,6786e8d0-c07c-4f71-911d-b473bedd4c55,크리넥스 3겹 화장지 30롤,생활용품,6,2025-09-09 12:29:30
ab0b6b91-69f5-46a5-a99c-b2c584a8497e,6718bac3-23db-429e-b0f2-f5393560f880,닥터지 선크림 1+1 기획세트,뷰티/헬스케어,7,2025-08-21 11:51:00
c8773c76-62bc-4e1f-b676-b54fd90d8e23,b38f2e76-5626-4479-b51c-867b8709e9c1,KF94 마스크 200매 박스,뷰티/헬스케어,3,2025-09-23 01:10:39
d010da85-525a-48a4-9569-b04867c6f4d5,d8039c98-3f6b-4237-94ab-a7a665b1a129,로얄캐닌 강아지사료 8kg,생활용품,8,2025-08-31 05:24:48
d6548809-0711-48c9-b3a8-44757a64fe95,5fb36579-42e9-42b5-9463-b67fbc11b8ff,듀라셀 건전지 AA 40개입,생활용품,6,2025-09-05 05:33:38
102c8fa4-3f9f-40c9-9ead-12f1e46386fa,0b77f481-84ad-4367-b2e1-b0006e4da04f,비비고 왕교자 1.5kg x 2개,식품/간식,4,2025-08-16 00:45:06
e088cd5a-6eec-4990-883a-a03a7b17f947,0334da64-6f45-41cd-9761-bc924f81eb9e,페브리즈 1L 리필 x 2개,생활용품,8,2025-09-11 01:57:34
542819a3-6e87-4038-b140-6f64b43f6986,8d5c64cf-8c63-459d-b65e-8a14b513c000,다우니 섬유유연제 4L 리필,생활용품,3,2025-09-29 03:57:09
575ee25a-51ad-4a1f-b5a8-e125db58548a,2523786f-ad7f-457b-85d9-c513ccf109a7,아베다 샴푸 1L,뷰티/헬스케어,8,2025-09-11 18:19:23
fb91a090-5a20-4d98-ac53-ff16eaee1a34,d26dda3b-81cd-44d2-89a6-03ac8d7e3d4b,네스프레소 호환캡슐 100개입,식품/간식,5,2025-09-27 22:58:07
bf427898-c96f-401f-98aa-37a79f84d3f1,fde04ae2-5fbe-4179-beb0-25d3b151e6c5,네스프레소 호환캡슐 100개입,식품/간식,3,2025-08-30 17:39:40
40f7296b-28b7-4945-a1a6-e32f4224bc35,667c819c-00ba-48df-a6fd-818143cb3caf,크리넥스 3겹 화장지 30롤,생활용품,5,2025-08-28 23:00:47
696306b0-dbd3-4ba8-bea4-8b95f7c8135d,66cc0a24-ebe2-48cd-865c-2c87a1699503,듀라셀 건전지 AA 40개입,생활용품,3,2025-08-26 23:38:30
bd514c37-3532-43e6-9ded-402e37495bca,674e298e-bfea-4e29-85c1-a1c8cb149e56,고려은단 비타민C 300정,뷰티/헬스케어,5,2025-10-01 15:38:20
48d8e49f-3fee-408b-a6f7-af864b19dec7,4fd52b46-98b8-4065-9b35-1c88053ddff8,피카소 칫솔 20개입,패션/잡화,5,2025-08-14 21:48:39
e7d4022e-f8a0-43b3-96f8-07b2ee7ac4c4,309d555a-c45b-473c-b31a-89d7b67b7800,세타필 대용량 로션 591ml,뷰티/헬스케어,6,2025-09-12 14:33:05
3b6c74af-c439-4319-b20b-d42ec8e95a8e,bacb9a84-d2a3-4f29-9f63-691ac9ab7c27,닥터지 선크림 1+1 기획세트,뷰티/헬스케어,7,2025-08-27 13:32:59
e2adc084-0f1f-49d0-a7ff-ac26aa6ed4ac,44b4b761-1cc3-4db3-9084-fdf790e6a817,제주 삼다수 2L 12병,식품/간식,6,2025-09-30 13:42:24
3b3267c0-80b0-4163-b38a-7d6b0dcdff7a,9a7f1076-5045-4a3a-82e9-20d47dee96fe,나이키 스포츠 양말 6족 세트,패션/잡화,5,2025-09-20 03:01:49
1f834dfe-463f-4e7a-a5d4-f70a6e606e4c,df945f99-5988-4024-8f6a-c5d5b7f3e578,신라면 40개입 1박스,식품/간식,4,2025-08-02 22:44:35
769cee47-02e2-41b0-81c0-5308567576d5,6a1eeb8c-7f24-4afe-bd21-1f8b866a9c1c,신라면 40개입 1박스,식품/간식,8,2025-08-13 22:25:14
cdfc1bec-5572-42ff-9fb4-9b0268db291c,da911d13-a27c-494a-997f-1a747c700388,종량제봉투 100L 100매,생활용품,3,2025-09-11 04:20:47
0dd20c54-4427-499d-b40d-74071381e79b,3546bef5-8c7a-4930-97de-6bab5a198966,베베숲 물티슈 캡형 10팩,생활용품,7,2025-09-29 03:52:34
54da9486-3288-43c6-9771-747aae2f2b18,9564230e-9a7c-4094-adf9-214aae45ab8a,닥터지 선크림 1+1 기획세트,뷰티/헬스케어,5,2025-08-21 08:48:17
18e9d06a-b996-4b97-804a-2ead881efffe,ef3a50bf-3542-4005-a19d-339737938c46,베베숲 물티슈 캡형 10팩,생활용품,6,2025-08-27 08:44:32
4f39ca08-f04f-4604-963a-7743613c5626,81b6a046-87c7-4755-9866-8b0239ffe98d,메디힐 마스크팩 30매 박스,뷰티/헬스케어,3,2025-08-15 06:03:54
071b1503-5204-4439-908b-4787dacc1ef1,e1d79a8c-2979-483d-a5ff-7877233d1e4f,KF94 마스크 200매 박스,뷰티/헬스케어,6,2025-09-27 18:58:15
a731ca73-2048-4db1-ba63-cfae044c6be8,f69666fa-3ae2-4d5c-be1c-562b50e56350,유니클로 에어리즘 3팩,패션/잡화,8,2025-08-20 16:56:36
03090add-0f4c-4d4a-b388-a4574872606c,d766dc38-617b-4f25-9888-1ed6ac1bce14,커클랜드 아몬드 1.13kg,식품/간식,4,2025-09-28 03:19:54
4dd3ec63-97a3-4e18-a5ff-69eb3a4ede11,7153b08d-a4dc-420d-bea0-2337a41cdcd6,유니클로 에어리즘 3팩,패션/잡화,8,2025-08-14 10:55:31
f08d92e6-5dcd-4ba1-879d-35278f8ada9d,d8039c98-3f6b-4237-94ab-a7a665b1a129,메디힐 마스크팩 30매 박스,뷰티/헬스케어,8,2025-08-26 23:03:29
05462ef1-cf88-4828-8f3f-f5ecbf444dc6,a4693d32-c8b3-452d-8057-f45507ce70d1,피카소 칫솔 20개입,패션/잡화,7,2025-08-15 15:59:09
a386e327-f745-411b-9459-67e560f20e9e,39594643-693a-4af0-897a-136775e0351f,제주 삼다수 2L 12병,식품/간식,3,2025-08-06 17:02:44
6f8d314b-e313-4156-a899-ba68ec37cc1a,9368aeb4-8139-414c-9cbb-83a24fb02763,나이키 스포츠 양말 6족 세트,패션/잡화,5,2025-08-25 05:17:27
59a5fbea-7c1d-4c49-aecc-364194195167,441e3fa4-56b0-4792-8ad7-665c95c2cbdb,필라델피아 크림치즈 1.36kg,식품/간식,6,2025-08-27 01:53:28
3e66b958-c99a-4388-8476-75418c9f538b,c0a3d669-9336-4033-89a3-84d48e479e3c,세타필 대용량 로션 591ml,뷰티/헬스케어,3,2025-08-07 07:51:38
be8f7185-153f-49e2-9695-4d1008f5948a,c10f4c47-7b03-421c-a146-3d387685d3a3,아베다 샴푸 1L,뷰티/헬스케어,6,2025-08-09 19:35:41
0d0f9ecf-b268-480c-b735-df0d34544a86,aede0a27-9d7e-444b-a598-f3ca0f7b452c,하림 냉동 닭가슴살 2kg,식품/간식,7,2025-09-10 03:07:11
b5773a21-a5c5-492f-8cd2-da403c790efe,997f676a-604f-4d42-8232-689579de2581,크록스 지비츠 세트 (20개입),패션/잡화,6,2025-08-15 17:10:56
9fbb83b7-f68d-4938-8d0b-25c37b93a926,2bc526b4-ba06-49ae-ac10-282475d7dc83,닥터지 선크림 1+1 기획세트,뷰티/헬스케어,3,2025-08-23 23:39:04
2960a8e2-31f6-4f25-8b8d-fa2d709c58bf,56fd3ac7-63d2-4826-9a14-72d3f9434003,하기스 매직컴포트 4단계 1박스,생활용품,7,2025-08-29 15:45:51
e2221876-1ef0-426c-b680-14cc73e6d424,c880ae2a-0f01-4e91-a3c2-f40819058833,상하목장 유기농우유 24팩,식품/간식,5,2025-08-13 17:46:00
c258da51-0a0a-4828-b59e-b06a3959d3bf,25ecfe3f-80f7-45d5-bb12-9b11081bff9b,닥터지 선크림 1+1 기획세트,뷰티/헬스케어,8,2025-09-27 14:12:52
7cec8a1f-722e-494d-911d-7cb8c712fffa,b0ccfbbc-2c77-425a-a007-7302d3882d39,메디힐 마스크팩 30매 박스,뷰티/헬스케어,3,2025-08-03 01:55:26
ba42988c-c5e2-47e2-9fa4-585e4b135dc5,69b2f9f7-1272-4a84-ac27-f25212762a19,리스테린 1L x 2개,생활용품,4,2025-08-23 05:10:17
83c21d97-4213-4cd0-ac65-eccf6b0ce12a,03fcf812-ffb8-4a8a-b564-5c1cb81f0a0f,질레트 퓨전 면도날 8개입,생활용품,3,2025-08-13 13:28:52
c84649db-68ce-4a38-a362-4c29d29a1c2a,a64c2e52-4d17-461b-bce8-bf006dfb1536,바이오가이아 유산균,뷰티/헬스케어,3,2025-08-04 03:25:16
03657684-d9ec-4833-b92b-f5856d205d2d,b9987590-e31c-4350-9f17-4eff3bc2a245,로얄캐닌 강아지사료 8kg,생활용품,3,2025-09-11 22:32:50
b7a0d9eb-e150-447a-9175-853801b34927,98176462-7d01-4895-8295-9d40e4e76a3e,고려은단 비타민C 300정,뷰티/헬스케어,3,2025-08-13 04:34:42
4cc1c8c1-b3ae-4c11-ae49-15bdf6be1e00,89bb97b7-b014-4b38-9ec4-2cecd0adabb2,네스프레소 호환캡슐 100개입,식품/간식,8,2025-09-04 22:46:39
92b2b193-a67d-4e07-becf-4860c45295a5,99fb2602-5ce9-4000-8b26-0c2bb611a61c,듀라셀 건전지 AA 40개입,생활용품,8,2025-08-22 20:09:00
76075ee2-458a-479b-89d8-bd7e433fa7bc,cf1b3eb9-4507-41c2-90e7-6689e26431f5,종량제봉투 100L 100매,생활용품,6,2025-09-15 05:07:02
100b5686-5961-4dd4-9af9-33f10be0850e,f9d9ff9d-84c9-4ef9-b1e7-dabe8d97c6dc,KF94 마스크 200매 박스,뷰티/헬스케어,6,2025-08-16 19:47:48
6e8f56b9-b031-4db6-af5d-dd1f2679a02f,dbb7df56-3784-4615-897b-abe73b255ad6,바이오가이아 유산균,뷰티/헬스케어,6,2025-08-17 01:51:50
7460e2c8-dc4e-4b8c-b31e-c36bb8a7b03a,54e913e3-46fa-4b4a-8225-8867d90cd2fe,다우니 섬유유연제 4L 리필,생활용품,7,2025-08-14 18:32:16
7f4a5702-a910-4021-b182-871163ef8388,bb17023d-e82c-4238-a8c7-5790561f6f40,세타필 대용량 로션 591ml,뷰티/헬스케어,4,2025-09-07 14:37:26
0039fdc2-c6b8-41ec-a901-b10366800181,ed6cc026-e296-47e5-aa61-26f7db4a2b5e,비비고 왕교자 1.5kg x 2개,식품/간식,6,2025-09-03 08:55:23
bc993a31-fe21-46cc-a7ed-8290ba784556,c00df9c3-77b1-45c4-ba6c-e506eed52534,유니클로 에어리즘 3팩,패션/잡화,7,2025-09-11 17:21:11
b83375ea-afaa-42b3-a7e4-65601eaf3844,ec7ee49e-b2a7-4aac-8978-8bcda7eac6c9,종량제봉투 100L 100매,생활용품,3,2025-09-08 13:51:02
e981a7c6-d8e8-4894-b39a-83ac6b74b971,58e61f8e-675d-49d5-95fb-6f401c1ab16a,듀라셀 건전지 AA 40개입,생활용품,5,2025-09-22 04:24:12
0765f17e-a790-43fe-8202-b4455c623ebe,60a3da46-3ef8-44d6-a0d3-32ab47a8b886,메디힐 마스크팩 30매 박스,뷰티/헬스케어,4,2025-08-29 12:18:19
ce00d546-129f-4c44-9e85-d61cb78c5de8,e81ecd87-68a8-4546-afbe-5bc60e01ddb9,닥터지 선크림 1+1 기획세트,뷰티/헬스케어,6,2025-09-14 20:34:57
18473493-49a5-4d89-b35f-e96d3e99e229,7771f4c7-10dd-41b5-9081-8fe281254131,무신사 스탠다드 기본티 5장,패션/잡화,7,2025-08-22 09:00:05
cde7b5ed-3f48-47a1-a0f3-c42db24f794d,71e9989c-b820-42eb-9d75-3bbbcd0ea99e,아베다 샴푸 1L,뷰티/헬스케어,6,2025-08-16 23:21:57
37d5b1cc-6f3b-449d-a922-bcdb27a8844f,0a20bd52-c1d5-4df3-a7d4-c0a2f818ab24,나이키 스포츠 양말 6족 세트,패션/잡화,4,2025-08-22 21:11:38
3f845fcc-511f-4a40-a569-ce58dad06ff1,b814d848-3661-4f4a-834b-35213458e3f7,리스테린 1L x 2개,생활용품,6,2025-09-09 14:17:08
692c0dc5-523e-473a-8d5b-3aa892af60bb,76dd9a96-7d76-4edf-8c7c-d1c19b119018,로얄캐닌 강아지사료 8kg,생활용품,6,2025-09-06 02:19:23
a36d504b-931a-4bda-9b79-b9a8eaf43242,4ac22336-27b2-4c94-a9a0-46c833829bb7,제주 삼다수 2L 12병,식품/간식,8,2025-08-21 01:25:54
ade6fad3-2953-4b27-84ad-a98b0c83d48a,14a705a6-8772-43f8-a68f-59e548f89f51,KF94 마스크 200매 박스,뷰티/헬스케어,6,2025-08-26 09:02:59
ca50625c-3cc6-4535-9202-facfdac2a9e3,2b23d17e-b02b-4223-acb4-9320aa789764,캘빈클라인 드로즈 3팩,패션/잡화,8,2025-09-19 08:56:20
629ae237-c655-4832-a13b-ebe8bf89d213,c38fb369-03cb-4abb-bb02-f85e09a9dd9a,네스프레소 호환캡슐 100개입,식품/간식,3,2025-09-19 06:36:33
6168ed71-14fc-4abd-bf58-1544c30bbb39,57424f8a-a87a-4ebf-a301-fdfa95829f5b,상하목장 유기농우유 24팩,식품/간식,7,2025-08-29 09:35:08
8627a59e-c28a-497a-8cbc-489e9e7409bb,fe9f510d-7068-4e53-85f2-dfb04df0e594,유니클로 에어리즘 3팩,패션/잡화,3,2025-09-14 06:41:33
140b702a-ea3a-4edd-a855-5ee12641d3fe,edbbd3b0-7923-4586-b146-1e4e137400f2,닥터지 선크림 1+1 기획세트,뷰티/헬스케어,7,2025-08-07 13:22:53
ba837ae2-2d94-4e47-8b93-bab3ea4f5e03,f9ef948a-e0a7-46ca-a9e9-bd5591e8d04f,고려은단 비타민C 300정,뷰티/헬스케어,8,2025-08-27 06:49:12
0024c7ea-e9b2-469d-83d8-d78df4f28b9e,a171b358-d1ef-4a8c-8f96-3358d8f4e4c8,네스프레소 호환캡슐 100개입,식품/간식,8,2025-08-03 02:28:57
e3a2a272-6206-462c-8c63-20d6c15b2f2b,669a2da3-6686-41f5-bc79-ffad72a75386,네스프레소 호환캡슐 100개입,식품/간식,6,2025-09-13 21:00:18
8d09b70b-2e2d-4b24-b0d6-057226cce0e6,5b7e172c-8eb0-4b9e-9ae7-2de2afaff09c,페브리즈 1L 리필 x 2개,생활용품,7,2025-09-16 19:35:01
09165811-d1a9-4c2a-9a35-112fa1895353,e3081b21-891f-493a-8f87-eacdf46ce4ee,피카소 칫솔 20개입,패션/잡화,3,2025-08-18 04:56:06
3d0a09b8-c2f1-49d1-9d98-5a52939f234d,cac5478b-8d0a-4f79-9d43-5924531b6453,유니클로 에어리즘 3팩,패션/잡화,8,2025-08-08 18:26:29
ae13f22e-fcd2-4e64-a523-275033f64ab4,48962092-48eb-4fbe-8deb-11ff3b212d38,아베다 샴푸 1L,뷰티/헬스케어,5,2025-08-08 14:13:06
286216de-083e-4679-afcd-e89d5768abd0,f7eddada-98a0-4631-8bdd-5253b773fbbe,메디힐 마스크팩 30매 박스,뷰티/헬스케어,7,2025-09-16 08:19:03
1b2cb76f-d2e5-4c11-955c-3cf091734131,602669ed-3a14-4cda-b5cb-3eb7e68258e6,제주 삼다수 2L 12병,식품/간식,3,2025-09-22 17:01:26
70833c85-1c98-493b-9f2b-a94009985ee2,6951bc2b-2662-4520-8ada-fea5e05ad897,리스테린 1L x 2개,생활용품,8,2025-08-30 20:56:49
367f58c0-5827-49c4-a8f3-9a66fbbd0eb7,33d8b9d0-4b5e-4f51-970f-e23ce777dc54,듀라셀 건전지 AA 40개입,생활용품,8,2025-08-22 14:20:22
f3230a39-c94c-43f3-8622-f71e84f697f9,0671edc1-c5fd-4000-bd53-7293811f1ef7,햇반 24개입 1박스,식품/간식,3,2025-09-11 22:39:37
9f354769-cc8c-4cbf-851c-99fa3eb5e887,2b4358bb-8ae2-4a08-8eb0-9afac960ce5f,커클랜드 아몬드 1.13kg,식품/간식,4,2025-08-13 12:38:50
f2aa89e4-b850-4b8c-8ef9-1755676597a1,a3aa8ba2-6ba0-44a6-82f7-8998fbe6ade8,질레트 퓨전 면도날 8개입,생활용품,3,2025-08-30 16:36:21
8c5fbb23-195f-44fe-ad19-d3be5f70b9ce,5ec0b9d8-4934-4bac-9d00-0cad40ab0d75,제주 삼다수 2L 12병,식품/간식,3,2025-08-16 11:12:29
1321163b-2e23-4699-a04d-e97a43f27bf2,bd15f118-16b9-4899-8a8b-beeb6a52f490,듀라셀 건전지 AA 40개입,생활용품,5,2025-08-30 07:50:08
86c64dd8-20fb-44de-9d7e-a337b2e52df1,80cc79ba-e5d6-4bc6-a1de-b73d08f99c71,잔스포츠 백팩,패션/잡화,4,2025-08-29 22:14:23
83ae8266-b4e2-4496-afb7-4ecb0b6458f2,7153b08d-a4dc-420d-bea0-2337a41cdcd6,종근당 락토핏 골드 180포,뷰티/헬스케어,7,2025-08-19 23:56:17
e7b01ded-2f06-4ed1-8684-2cf7eb2baa9a,8689c899-5026-4fd7-9f35-27fb9f542b96,베베숲 물티슈 캡형 10팩,생활용품,4,2025-09-13 04:21:54
1d62e775-c304-4a95-81fd-f96ee549679f,0bc32341-0a80-4889-94fc-a19da96c323d,햇반 24개입 1박스,식품/간식,6,2025-08-04 03:26:21
f571d209-a353-41be-9f38-2813c3b28456,1136d1ef-8cf0-4b99-935f-731ed6bc4901,리스테린 1L x 2개,생활용품,7,2025-09-17 18:04:24
557a4b2b-b35b-4c7a-a4a4-bb1bfd2d7894,731a5f3c-5fa7-437b-b509-0c6024f82591,네스프레소 호환캡슐 100개입,식품/간식,6,2025-09-23 05:23:52
afcfd0fe-7ac1-47f4-b5e0-bc55169ad65e,e58b1786-1cee-47f0-b505-d00e95a239a6,페브리즈 1L 리필 x 2개,생활용품,5,2025-08-09 03:30:24
8a06cc95-369a-48d8-89a1-3659d9705d97,d06f1c59-6aa0-434b-8d03-fdc936b1791c,코스트코 소불고기 (4kg),식품/간식,6,2025-09-28 17:57:58
365b9350-636d-403a-bee9-094ea741c6a1,ccf47605-feff-45b1-806e-aeeff3c56c7e,듀라셀 건전지 AA 40개입,생활용품,7,2025-09-15 22:15:17
37bbd698-4e08-46aa-b834-b51761cd613d,c0c4f900-62e6-4018-8179-cfe2af3a3c39,크리넥스 3겹 화장지 30롤,생활용품,6,2025-09-05 13:53:28
94ab9001-8417-418d-a263-ed1573f26f88,311f7942-5173-420d-9173-810ba81abfd2,무신사 스탠다드 기본티 5장,패션/잡화,5,2025-09-01 05:51:19
b142aebd-ff4b-47b2-ac00-410a3ea08cc2,22415ccb-a595-4fea-8dc2-a9590eef8e37,잔스포츠 백팩,패션/잡화,5,2025-08-24 14:03:06
877cc4e7-6593-4be8-bbac-79f7aee5c428,4d00f3ee-a325-46e3-aa00-317fde156586,고려은단 비타민C 300정,뷰티/헬스케어,5,2025-09-15 10:24:12
db1e9919-c9a0-4cd5-9a0e-e180f5118eca,e8881a7d-84e7-40f0-8611-b37519e8c2e8,다우니 섬유유연제 4L 리필,생활용품,6,2025-08-22 07:32:42
7f4caa8d-cf06-49d7-a71c-df06597f1457,ce21b1e8-c966-4ae5-a683-baea19c9b409,커클랜드 아몬드 1.13kg,식품/간식,6,2025-08-29 13:35:20
47952d1a-3019-420b-b9d4-865d5d48f47b,7a721dc6-a606-498d-a97a-36875e129b1e,무신사 스탠다드 기본티 5장,패션/잡화,5,2025-09-18 02:27:53
45bdc14e-1b49-4932-9010-f735ee0ef562,d6a08878-8f32-4195-a998-87d050415aff,듀라셀 건전지 AA 40개입,생활용품,8,2025-09-09 17:30:37
5419eee6-1655-4fbf-a533-5b0bce98ab2e,079f0b0a-3de8-49f8-93de-0c8983380059,피카소 칫솔 20개입,패션/잡화,3,2025-08-28 23:39:50
512b95b3-c420-4c4b-8480-2b067b6130f2,706a0e44-8867-4c2e-b54f-21b2cf236a59,하림 냉동 닭가슴살 2kg,식품/간식,7,2025-08-18 09:15:11
ee25cc73-58da-4ee1-811d-ff1694fe19fb,82eff467-a134-46d0-a7e3-650af6af19c4,메디힐 마스크팩 30매 박스,뷰티/헬스케어,5,2025-09-18 10:39:20
1baba7d3-af5d-4c87-8f78-129981cf9c6a,73b41649-5360-4d45-8234-8675b4a0f14a,로얄캐닌 강아지사료 8kg,생활용품,5,2025-08-24 05:18:48
dce21557-10c5-454c-b45f-2048dba5fce3,99c80969-de63-4061-9114-9c079d606b10,로얄캐닌 강아지사료 8kg,생활용품,4,2025-09-14 08:16:24
a7de9962-47e1-4abb-9ed4-31c7a24442a2,71899813-89f0-4d43-b433-26c6e64bbeee,페브리즈 1L 리필 x 2개,생활용품,8,2025-08-15 18:24:17
bd4411f4-828f-4533-80e8-e564daed6142,a5e2163f-4961-40a7-ab3b-566d1ae8a4d0,상하목장 유기농우유 24팩,식품/간식,3,2025-08-04 11:18:39
a1047056-a11c-48ef-88fb-e0fb357e76ad,c36e6fe3-f4f7-443d-96a8-3514ea3e4525,제주 삼다수 2L 12병,식품/간식,6,2025-08-25 13:35:55
c357b5f4-9dde-4355-942d-5f083510ca03,d035233c-7e04-4ea1-8f9a-c09dfc364f30,제주 삼다수 2L 12병,식품/간식,5,2025-09-18 23:35:36
646f6618-5357-42b6-8ee2-d30ea9e9df4c,fd25b80a-c081-472f-93fc-23318dbd66d7,상하목장 유기농우유 24팩,식품/간식,5,2025-09-09 03:29:54
5533abdd-7c66-420c-a867-e6511e982bb3,4c25aefe-cd65-4931-9034-b9d9461ec91e,나이키 스포츠 양말 6족 세트,패션/잡화,6,2025-08-24 01:22:08
836a5dbd-5b51-4b0a-9361-a15389f6061b,701f72db-abf1-4396-9a36-6da66ebbc18d,베베숲 물티슈 캡형 10팩,생활용품,4,2025-09-25 09:01:15
496a289c-cfb7-405a-8899-e67660ee8e12,99c5c4cf-0e3e-44dd-a137-75579130c52a,아베다 샴푸 1L,뷰티/헬스케어,5,2025-09-21 07:02:24
e3ae47e2-ba63-4502-9b32-61bbd7e0995f,ce117d55-ab18-4d95-9c28-b5b7d600db77,종근당 락토핏 골드 180포,뷰티/헬스케어,5,2025-08-16 20:30:55
bc13b4c9-13c3-42de-970f-13825db2e219,0dc7eb55-d7c6-477a-bd4c-9747f5d4bba4,크리넥스 3겹 화장지 30롤,생활용품,6,2025-08-13 11:16:03
113460e8-a883-4736-85d9-bf57aebfcaec,bb17023d-e82c-4238-a8c7-5790561f6f40,듀라셀 건전지 AA 40개입,생활용품,5,2025-08-28 19:05:17
b260e721-af1c-4c29-84be-13c44d2516b6,e0ca0589-46c5-435f-96cd-5d6bbcc6d14f,필라델피아 크림치즈 1.36kg,식품/간식,3,2025-09-07 19:27:51
3c05e7a4-d175-4c13-9aac-6f7942944327,85b3e92d-c05a-4b5a-a3e4-d1bd9781e63a,네스프레소 호환캡슐 100개입,식품/간식,4,2025-09-22 11:46:20
7e956b99-da06-4df1-905a-86512472f9fc,29279e02-0b2e-4561-9eb6-8537e679613f,피카소 칫솔 20개입,패션/잡화,7,2025-08-27 13:06:41
c63c8f22-e1f0-4550-8f05-f77a3a256653,fd25b80a-c081-472f-93fc-23318dbd66d7,크록스 지비츠 세트 (20개입),패션/잡화,6,2025-08-12 09:39:34
31ea1594-efdf-4e6c-ba35-f1371bd92a2c,775a4765-6600-4598-ac01-a501233392bd,코스트코 소불고기 (4kg),식품/간식,7,2025-08-29 04:43:35
c10b7936-0418-4fb4-b62e-bcffed8ee646,39594643-693a-4af0-897a-136775e0351f,필라델피아 크림치즈 1.36kg,식품/간식,5,2025-09-21 22:50:42
b676a397-ec08-4496-85c3-e0e8c9d8d17f,82db985d-4f66-4ac7-8f59-85e85207c256,페브리즈 1L 리필 x 2개,생활용품,6,2025-09-01 22:13:00
fb21ec52-cb3f-4ec5-a98a-656ba9301c29,2030b5eb-5d0c-4295-92bd-bbb36f3e60fd,크록스 지비츠 세트 (20개입),패션/잡화,8,2025-09-11 00:04:54
ed70f715-2c86-4c6a-9534-e365b13444ac,828bdefd-52bb-4e35-b542-8d7f5a830a4a,로얄캐닌 강아지사료 8kg,생활용품,3,2025-08-04 18:39:35
25045651-be16-4545-9ca7-c74df45ea426,1cb85a88-2f00-4066-ae34-9d194ce9e2b6,바이오가이아 유산균,뷰티/헬스케어,7,2025-08-08 22:05:01
0e113e14-fbc7-48e0-a3a9-8f18c244c0a0,8a997c85-9aba-4980-bbf4-b5893ff54504,로얄캐닌 강아지사료 8kg,생활용품,3,2025-09-26 20:55:38
8ac8ad6a-bdcf-46e4-beb7-38a85a53b15e,2df19266-356a-4c1b-971e-96fb7bd85493,고려은단 비타민C 300정,뷰티/헬스케어,8,2025-08-13 04:57:50
cdaff18e-c77b-4b24-b92e-1774174895be,6e5030cb-cdad-40f9-8b59-8f591fa8fd5f,질레트 퓨전 면도날 8개입,생활용품,6,2025-08-26 05:27:18
49284524-a54b-4a4b-834a-13a9a673c529,1a8d1d7b-8b43-4997-8b90-8cf999b66f87,필라델피아 크림치즈 1.36kg,식품/간식,3,2025-08-30 06:21:40
c6b9321b-384d-4ada-b825-39b92a54d701,21438ffd-a3fe-4837-bab2-5b444f059eb1,제주 삼다수 2L 12병,식품/간식,6,2025-08-27 06:47:27
6dbd0287-6bfa-4eb2-a082-c3dae2119f7c,6d1f40c4-2ffe-44ee-8b46-c2e010521bd1,필라델피아 크림치즈 1.36kg,식품/간식,4,2025-08-26 12:36:18
38baa783-b6d3-4352-bac8-1619bdd55da4,10a682eb-0285-4b9c-bc3b-711c5128ada8,아베다 샴푸 1L,뷰티/헬스케어,6,2025-09-25 18:50:05
1d126cc9-2e49-4671-a4fe-d22b98213141,afc46c64-2d75-412e-b2cf-b2c81931807d,고려은단 비타민C 300정,뷰티/헬스케어,8,2025-10-01 09:08:10
6250445d-16cb-450a-922c-636995657cef,2d1a9e87-c923-41fe-8c62-65973754e296,아베다 샴푸 1L,뷰티/헬스케어,7,2025-09-27 13:50:21
c0bf1de7-80e2-4d17-ba68-89557ef306d1,bb5c1b63-8c3a-4cb5-b44f-9c019f8b0ca6,네스프레소 호환캡슐 100개입,식품/간식,6,2025-09-23 06:09:35
22bda7cb-12ba-4788-b94c-59c98126295c,4dd7aab7-3765-4fbc-a3c2-811b4e571532,커클랜드 아몬드 1.13kg,식품/간식,6,2025-08-20 13:39:22
5cd34c59-1aad-4e48-8759-23f942109782,0ef7b709-8dbd-45f3-9ea8-73a6fe22b522,컨버스 척 70 클래식,패션/잡화,5,2025-09-20 01:32:15
aa5ce64f-a84f-4368-a440-77157170bddb,22415ccb-a595-4fea-8dc2-a9590eef8e37,제주 삼다수 2L 12병,식품/간식,5,2025-09-23 02:27:04
caea794a-576f-4095-99ff-9b0e372fc275,2b4358bb-8ae2-4a08-8eb0-9afac960ce5f,하기스 매직컴포트 4단계 1박스,생활용품,6,2025-08-03 03:12:46
4b9557d5-ff9c-48a4-b820-b246d812ee1f,94cfeddd-6139-4379-83a7-af2ac61fd1eb,리스테린 1L x 2개,생활용품,5,2025-08-17 06:46:40
41a20f2a-a09f-4e5a-bccd-8f56b41a0ecf,cd0a9f57-46be-4145-a231-109f3adcfd8b,커클랜드 아몬드 1.13kg,식품/간식,5,2025-08-04 16:57:35
989f7afc-3b20-42f8-a554-3f9391165cf6,94565c20-c9a4-41d4-84ae-22923005561e,아베다 샴푸 1L,뷰티/헬스케어,8,2025-09-03 14:12:04
4a24be7b-c235-4940-9510-6033bd447d8c,2705abfa-4ffe-4e51-9404-661e6bcfef28,무신사 스탠다드 기본티 5장,패션/잡화,6,2025-09-25 13:58:28
2cd52583-a053-40c5-b3c4-2860da8c8a22,cbb874fd-5033-4639-b2df-cfdaf7c89ad3,종량제봉투 100L 100매,생활용품,3,2025-09-12 13:23:28
7ff2ade4-48f3-4e32-abca-2938a3993f6d,df945f99-5988-4024-8f6a-c5d5b7f3e578,고려은단 비타민C 300정,뷰티/헬스케어,8,2025-09-26 22:46:48
46537ebe-58c7-48a5-84a9-ce1c8c96871c,2e8071a8-3cc2-4a86-80ce-5baeaf818a08,하기스 매직컴포트 4단계 1박스,생활용품,8,2025-09-04 22:38:10
67ae198e-7c7c-4777-b590-39819be4cbfb,227a35c4-2a99-416d-90a8-7aaa829d90f2,신라면 40개입 1박스,식품/간식,5,2025-08-02 22:45:41
6f632b89-7027-416b-aca5-529549872b94,6f0a12c8-7236-4b76-85f8-185a12d77592,리스테린 1L x 2개,생활용품,7,2025-09-18 12:12:51
9f96cbb0-845d-42e3-a031-63c3e4dff4d3,f7f88de7-c8b7-4fea-a45b-19899e14765b,하기스 매직컴포트 4단계 1박스,생활용품,7,2025-08-21 14:03:27
6132a8e1-553d-4d69-85c9-cf7157c6773f,170a33d6-dd0b-4b14-afac-54753a91d06b,하기스 매직컴포트 4단계 1박스,생활용품,4,2025-08-20 23:57:59
5c53a30f-a668-49c4-a40b-bd13f1ebc873,6b9be59d-fc4e-4b9f-a1eb-cc8345f6a533,로얄캐닌 강아지사료 8kg,생활용품,4,2025-08-13 08:06:10
e90a0498-68f9-4203-8dc7-fa341a1b138c,2dd3f17f-7e86-499a-b800-a5fefefb98e0,코스트코 소불고기 (4kg),식품/간식,4,2025-09-01 13:10:39
5bc1116e-5d0e-42c5-ac10-c3bd1b847208,209faa7f-b8c2-4a15-bf77-7ee8e7a3bb15,상하목장 유기농우유 24팩,식품/간식,5,2025-09-13 01:19:39
f31fe39f-e2f1-4fd2-a24e-891bb4fa58e7,6e1cf5b5-7685-4204-a538-7ed2047e1db1,베베숲 물티슈 캡형 10팩,생활용품,8,2025-08-27 04:37:17
40e29178-53ff-46c8-901b-79716da1412a,ea5542f6-d737-44e2-8a6b-30245042f06d,신라면 40개입 1박스,식품/간식,3,2025-08-29 05:01:41
9a69066c-8524-42c8-b3e0-629c088109b9,be4ade5f-e6e7-4193-bc02-4c4084d8bda7,무신사 스탠다드 기본티 5장,패션/잡화,4,2025-09-28 17:17:07
0074d69e-36aa-4808-89db-1c6ddec388be,2b9878ab-755f-48e2-9318-c04c1b19ca43,나이키 스포츠 양말 6족 세트,패션/잡화,4,2025-08-22 04:08:58
1aae5969-663b-4686-9484-25c73c99771c,9a02d54e-a1a2-4f33-aadb-e39661110400,페브리즈 1L 리필 x 2개,생활용품,4,2025-09-10 19:58:41
4bf80401-3eed-41e4-b93e-12a72ca8c23d,0c0f99f7-c07d-465b-bd83-ac97e76d9301,컨버스 척 70 클래식,패션/잡화,3,2025-09-30 05:07:24
cb33a3c8-44c3-44f7-9088-1dcdad087e0f,73fccdab-ab75-40aa-81b5-9f3bf535ffdc,비비고 왕교자 1.5kg x 2개,식품/간식,6,2025-09-26 16:24:22
59f3a157-77f4-44a7-bb6a-5b4f0168c731,23ca258f-4dd8-4787-8583-76272fda5bdc,크록스 지비츠 세트 (20개입),패션/잡화,7,2025-09-26 13:37:29
a754200b-908d-48d5-9037-2888cb438f40,0960c434-0621-4d87-8488-5c76ebbdf657,커클랜드 아몬드 1.13kg,식품/간식,7,2025-09-06 10:57:59
73e2133b-63ac-4a2a-8f31-860e88db99ae,0e89bee2-bd6a-417d-9ecb-f69f9c6260f3,로얄캐닌 강아지사료 8kg,생활용품,7,2025-08-12 03:15:50
ee1f95bf-11b8-4ccd-b877-255cbb5b84ae,6b85f0b0-ba0e-44fe-b7f9-54199f228205,제주 삼다수 2L 12병,식품/간식,8,2025-09-08 16:38:22
ed40ca6d-ad1e-4dad-a338-39b7187b40f4,18f58536-ae40-4894-a9c8-bcc15258e581,종근당 락토핏 골드 180포,뷰티/헬스케어,6,2025-09-17 14:51:32
bebc0408-fe80-41fb-b716-a461ea71a7b9,2705abfa-4ffe-4e51-9404-661e6bcfef28,신라면 40개입 1박스,식품/간식,6,2025-10-02 10:49:35
e370862d-0281-467e-8009-ecc3ebe89b73,56a96011-3178-45c1-9727-ed2222c6567f,피카소 칫솔 20개입,패션/잡화,8,2025-08-21 20:41:51
23849d05-11f2-4b11-96b3-8a2ab6d56fc6,a21a92de-9b89-4e4a-9352-9bd3293c3a0c,커클랜드 아몬드 1.13kg,식품/간식,8,2025-08-26 13:58:46
79442e6a-96be-477f-8fa8-d3e33a5a9a16,b6f01ef0-60c6-4699-a52d-42679e22e29b,닥터지 선크림 1+1 기획세트,뷰티/헬스케어,3,2025-09-03 07:59:57
39658da4-5015-4d15-9b8b-7e4e2f3d94fe,2d58a7da-8eb3-4603-a50c-4a8ff664a56e,나이키 스포츠 양말 6족 세트,패션/잡화,4,2025-08-07 06:05:17
fcd68d54-1e9d-47ba-9db6-d8c5ec3ac2aa,688ad2d3-1c3f-42d7-b83e-52624df6df73,비비고 왕교자 1.5kg x 2개,식품/간식,5,2025-09-04 10:38:23
69fcc5ad-0c57-4ae6-a5a9-9b2219067e67,b5f4cdf1-0d53-460c-b706-b0ceab39fe75,바이오가이아 유산균,뷰티/헬스케어,5,2025-09-06 10:57:01
cb04813e-21bc-4312-9806-d105665fd770,57de7a58-588a-47d8-93cc-a6541239a155,캘빈클라인 드로즈 3팩,패션/잡화,7,2025-09-17 13:45:44
53180b71-7ab4-45c6-a2bc-bf0c21e0d997,bd182c15-294f-4c32-8921-42ee893aef9f,듀라셀 건전지 AA 40개입,생활용품,7,2025-08-26 05:19:06
18927c95-bde8-4a7b-839c-76c991d76b52,68bb2940-9009-42aa-ac26-a33e376646d0,잔스포츠 백팩,패션/잡화,8,2025-09-23 12:08:26
c79c58e6-8afc-4dca-a2ca-797bd8931815,e17ccfbc-8fe9-4ccb-af14-bb307f317f30,필라델피아 크림치즈 1.36kg,식품/간식,8,2025-09-04 04:18:16
f699048a-4f7f-4772-b2ed-61650057cdbe,44a7518f-76ed-4861-b7be-8fc1d8f85b83,바이오가이아 유산균,뷰티/헬스케어,4,2025-09-19 16:28:56
65290767-3803-4abe-96d8-4152a5c4935b,c01b86e5-791f-4883-aa11-d1cd35209973,잔스포츠 백팩,패션/잡화,4,2025-08-24 21:39:09
70361252-8a9a-4bbc-a1f6-60c377df2afa,94900f1d-10f7-4de9-ba05-1a80d143d44f,컨버스 척 70 클래식,패션/잡화,6,2025-09-13 15:14:56
0d372983-fc2c-484a-bf96-9f0462fbda6b,cf9660c1-5ca6-4ec2-a4f5-35a45f8643a9,피카소 칫솔 20개입,패션/잡화,8,2025-09-26 09:55:39
0807af52-0253-4148-bd34-778d6ee4df48,b9c6c6f6-1c08-4a14-9c14-f01a59accb8e,커클랜드 아몬드 1.13kg,식품/간식,6,2025-08-04 09:38:46
9c27dd43-b13a-4048-8fc9-6efdb5a0db5a,c6baad1c-b2da-479d-bc84-a2feeb0a54b5,나이키 스포츠 양말 6족 세트,패션/잡화,5,2025-08-10 05:04:34
9d1a9181-0bb2-43b4-b215-14a7833c2cca,ba287ed6-334f-4f29-9018-bab5e0501f10,크록스 지비츠 세트 (20개입),패션/잡화,4,2025-08-12 19:48:50
c5ce1dd4-b8be-43c7-8f7b-78812ef8f77e,198bc6a1-b706-4c1c-a71c-85af6a230429,KF94 마스크 200매 박스,뷰티/헬스케어,3,2025-09-26 16:16:26
3d5377c0-e8f1-45ed-9500-e1a9357aa2a7,41597f8d-cacb-43fd-bd33-200dc2d7abca,햇반 24개입 1박스,식품/간식,6,2025-08-16 02:34:53
b4cda9a4-bec5-405a-bd9c-c19e41dab3e4,23309f92-4e0f-420a-a985-4b7f0bf246ef,커클랜드 아몬드 1.13kg,식품/간식,8,2025-08-25 06:20:12
a097dacf-6267-4af3-9ec6-2ad9c80e540e,5f014022-11ec-4012-90ea-1847f06d0298,크록스 지비츠 세트 (20개입),패션/잡화,4,2025-09-11 16:26:27
81c74737-5bfe-4f98-b561-705b54097e4a,76faf87a-732b-4ef8-b849-9ae82a254603,바이오가이아 유산균,뷰티/헬스케어,7,2025-08-07 01:35:54
e324937c-194c-4f77-93a8-3fa698d48652,4d466319-d5d9-485c-80f4-0f66fb34ccaa,바이오가이아 유산균,뷰티/헬스케어,5,2025-08-22 16:56:53
9d391c89-5492-463e-84f1-16a461a8306b,6c30c277-2b63-4290-8ce4-a50350671655,필라델피아 크림치즈 1.36kg,식품/간식,5,2025-09-17 03:44:25
39a6894b-5145-4600-9421-94aec662bc5b,000c38fd-6b2c-4def-94a7-8955b089f243,잔스포츠 백팩,패션/잡화,8,2025-09-11 20:13:35
edb753d0-fc57-4fb1-853e-7277a0db2c94,32610c29-6d94-4b49-a140-95ac21bbc272,하림 냉동 닭가슴살 2kg,식품/간식,5,2025-09-23 17:57:13
617a77f9-54e7-4376-829a-d5a25066116c,241dba9f-ab58-435c-be58-7c231277f09a,질레트 퓨전 면도날 8개입,생활용품,3,2025-08-09 20:32:16
782734dc-f8a6-43e6-85bb-343d6d17fd97,cf8da68f-3371-46d3-be95-de9a5d5c7c50,세타필 대용량 로션 591ml,뷰티/헬스케어,4,2025-08-12 18:28:08
8af30828-a545-4680-8470-701060fa5a18,ce01910c-828a-4461-936e-70212774183a,KF94 마스크 200매 박스,뷰티/헬스케어,3,2025-09-25 01:36:52
f229d5f6-9f03-4b75-af94-fa4a2c6ab38a,4d00f3ee-a325-46e3-aa00-317fde156586,무신사 스탠다드 기본티 5장,패션/잡화,7,2025-09-14 15:37:04
0f8630da-c1ac-4455-bb14-d3eb1b75543a,fa4e8298-2938-4f24-b20a-79bcc91ae251,크록스 지비츠 세트 (20개입),패션/잡화,5,2025-08-15 23:36:42
b32c4784-3b11-4f7c-a41f-ddebb7bf4d2d,4c2eddd1-2523-4e6b-9905-7f81908b59e3,로얄캐닌 강아지사료 8kg,생활용품,6,2025-08-24 05:42:05
dd920aa4-6c19-4579-a532-e5f451749447,c026627f-ebfc-4e45-becf-cceb654e4033,바이오가이아 유산균,뷰티/헬스케어,7,2025-08-23 15:15:29
4279fc58-1008-454c-87fd-f4b83f8f352b,b133b893-9d0b-462c-b5d0-68a036e5d6ef,바이오가이아 유산균,뷰티/헬스케어,7,2025-08-24 00:25:53
f6ffc671-d868-48dc-b8d4-ee5d757640a0,130cd7dc-1282-4fe8-8224-32212cecf322,종량제봉투 100L 100매,생활용품,4,2025-09-07 19:33:51
b225d1cd-04e9-4429-a310-fd4780b9067b,5fb36579-42e9-42b5-9463-b67fbc11b8ff,종량제봉투 100L 100매,생활용품,5,2025-08-12 05:02:58
669c3578-d527-443f-9d90-8ac190c5e617,4e68a885-38d4-4b65-9d53-0c6f6984bcb1,유니클로 에어리즘 3팩,패션/잡화,3,2025-08-06 08:40:46
0b07bd76-c8b3-49b0-8e73-3685f31c73f5,fe9f510d-7068-4e53-85f2-dfb04df0e594,베베숲 물티슈 캡형 10팩,생활용품,4,2025-08-27 16:56:43
38d8f2c6-2f36-4e0e-9356-16482fce0476,136c2829-450f-4018-a74a-de04d6278263,피카소 칫솔 20개입,패션/잡화,4,2025-08-03 22:36:58
430705ea-fc26-4696-8660-4ffdd47291aa,df945f99-5988-4024-8f6a-c5d5b7f3e578,신라면 40개입 1박스,식품/간식,8,2025-09-28 20:19:54
41088e94-1260-4e97-8237-4a64f27c31bc,cb1d4e65-09b2-4a93-b88c-cf6e4f2ab6c4,종근당 락토핏 골드 180포,뷰티/헬스케어,6,2025-09-11 12:43:09
c12af56d-e0d3-4914-9dcd-88d988d45ae3,bd182c15-294f-4c32-8921-42ee893aef9f,컨버스 척 70 클래식,패션/잡화,5,2025-08-14 11:37:30
c7f35f07-e2e4-42d6-9d0a-5006d275e8ee,5948c81a-5516-4077-9220-f3e4b3d23a5b,크리넥스 3겹 화장지 30롤,생활용품,5,2025-08-30 00:45:47
740b6044-534a-44ab-a880-234b6460b8ce,c492a06a-ff2d-4b21-8a5e-7b5a1b0a81cb,나이키 스포츠 양말 6족 세트,패션/잡화,7,2025-09-28 22:57:24
8f8f37a2-46ab-4383-9c43-16fa4d7e4c55,59e130f1-5a76-457a-abf4-b37df1aaa8d7,햇반 24개입 1박스,식품/간식,3,2025-09-15 11:33:15
703bf7d3-0958-42f0-ae7b-7ba137e19597,ea5311b0-100f-4ea5-ba69-2eb14bc85428,네스프레소 호환캡슐 100개입,식품/간식,7,2025-08-23 02:33:37
41b5474c-def5-49a8-a257-291614eedf6c,02b81aa9-4843-4569-8a10-d48fb0f9f439,하림 냉동 닭가슴살 2kg,식품/간식,3,2025-08-11 21:11:21
92d877d9-5242-4340-8a52-b68babd6904d,199a98f4-c9d1-44d0-8af0-e4fb8e7e9cc1,종량제봉투 100L 100매,생활용품,8,2025-09-04 21:30:47
46595598-bf0f-47cf-88f7-e751650a065a,8faf05d9-49dd-4a25-bed9-f029193770c8,잔스포츠 백팩,패션/잡화,7,2025-08-25 18:55:53
1c266479-a626-4487-9428-dc2154141b7f,b0106613-8af3-46a6-8699-2f8c848d4ec2,닥터지 선크림 1+1 기획세트,뷰티/헬스케어,5,2025-10-01 04:53:42
cfeb933b-f596-4f12-9181-96e90f0fdd8a,08a93944-1451-4d18-8fe7-755a8e887307,하기스 매직컴포트 4단계 1박스,생활용품,7,2025-08-14 08:08:01
7e7d6347-1a96-469e-95ed-98fbfce0aa9f,79e3277a-46d8-41fc-b6c2-595c3e79f463,필라델피아 크림치즈 1.36kg,식품/간식,6,2025-08-11 21:15:10
ec907271-2d79-4b8d-aab5-a1e563f59fc7,abad2ac8-9e67-45a9-a4a6-c5349d79ad8e,필라델피아 크림치즈 1.36kg,식품/간식,8,2025-08-27 02:38:18
7c15c2b2-66ab-4786-a489-d26400fa0aae,3d1475a0-59a0-40e7-9655-b3b26bdec4b1,메디힐 마스크팩 30매 박스,뷰티/헬스케어,8,2025-09-29 21:33:11
f519b22a-2bdd-4d7a-8c2d-c04c845cbbda,32aae820-d207-4753-bc33-2f596c5eba0e,질레트 퓨전 면도날 8개입,생활용품,4,2025-09-23 22:24:18
c98d2b8f-6b33-4b8f-9d75-68a661065685,be2e33c1-ba21-4faf-9f18-9fe40abcb094,피카소 칫솔 20개입,패션/잡화,3,2025-08-26 05:25:06
f2c304c9-a1bf-4644-8502-6c0e656500c9,ed09b788-4bdd-4e77-9784-4b02cb29e1ab,코스트코 소불고기 (4kg),식품/간식,5,2025-08-07 02:16:59
a822e966-9a9d-4517-a4d1-b0452eb5d6a4,5d3e293b-122a-46c4-844c-cc5be9246bce,하기스 매직컴포트 4단계 1박스,생활용품,4,2025-09-18 00:32:51
d92a4771-c9dc-4e46-a372-a79435540d96,739d6b4d-4fae-4fb0-9342-ccb83b86d82c,페브리즈 1L 리필 x 2개,생활용품,5,2025-08-29 17:00:18
ac5b0de6-e713-4183-bd56-43f5745b0e13,38348c3a-d79b-4f77-9cd9-2f1802608704,필라델피아 크림치즈 1.36kg,식품/간식,6,2025-09-24 08:09:17
59f7d2dd-487d-4849-bac0-92116313ed69,b0ba9ce4-f66c-4c4e-b4cc-8a2911c0693d,잔스포츠 백팩,패션/잡화,4,2025-08-19 00:35:04
b04db703-a007-4156-8b6c-c4c0bb75d25d,b5dec8cd-4ed1-497d-a657-2267f10aca6d,캘빈클라인 드로즈 3팩,패션/잡화,8,2025-08-03 10:10:13
1c5d4bfa-3f31-4eb4-931c-653ef1525442,5bbb5f13-f662-4f87-87b2-70e0726c0c65,로얄캐닌 강아지사료 8kg,생활용품,7,2025-09-19 08:05:28
b2539234-a5bc-4f6b-a5e2-fc887ccf3b12,e21ade28-34c4-43b2-94f0-8d00b6d99d90,무신사 스탠다드 기본티 5장,패션/잡화,6,2025-08-23 19:30:37
9b70d948-9ac8-4a87-8911-2fa0c1cbf4bd,67c83b70-7dae-4f2a-a363-1e2fa27942cf,제주 삼다수 2L 12병,식품/간식,3,2025-09-11 18:56:34
0d666286-d726-4455-b8f2-f1dab3f65741,802a04c4-270a-496e-b8a8-663fc9c17083,고려은단 비타민C 300정,뷰티/헬스케어,3,2025-09-03 22:02:52
df1b6bfa-0c91-4acd-86da-4ba07b40b635,b15eb83e-9833-4f63-ae47-a9c0aa4a2de4,나이키 스포츠 양말 6족 세트,패션/잡화,6,2025-08-12 12:35:35
91cbaa72-9c65-4e49-a80f-1d4ca237450e,69b2f9f7-1272-4a84-ac27-f25212762a19,피카소 칫솔 20개입,패션/잡화,8,2025-08-11 10:04:04
e41468b2-c986-4e8b-a9a8-e451d6f25954,739d6b4d-4fae-4fb0-9342-ccb83b86d82c,컨버스 척 70 클래식,패션/잡화,3,2025-09-20 17:03:55
e8d78a64-60ab-4b99-abcc-0a4897a91807,db2419e6-797f-4f1f-aac1-68e63a998e1b,피카소 칫솔 20개입,패션/잡화,5,2025-09-28 09:33:55
70795c9f-c0fb-4c44-81ac-1edfbacbbd5e,87c4077d-f8d5-4cae-91fe-da87653f6315,크리넥스 3겹 화장지 30롤,생활용품,7,2025-08-25 01:44:02
50ffc28e-65bf-410d-bbb6-679580edfce7,56a18926-8170-4a41-b641-f9e3109e35c2,고려은단 비타민C 300정,뷰티/헬스케어,8,2025-09-27 16:46:40
5a2ceccc-93a7-4f56-8374-0b95c0298f4d,b49249bc-6078-48ec-8289-3f7c234bfa16,크록스 지비츠 세트 (20개입),패션/잡화,6,2025-08-29 18:22:34
3b70d0d0-934e-45a5-bcbe-0f2ea76e4d5f,278caa96-e5c3-4e1e-80ef-258a3b031198,커클랜드 아몬드 1.13kg,식품/간식,6,2025-08-02 19:34:29
2bb6461d-1fb9-4140-865e-5bbfdfce6f15,89381b8a-9d4b-4209-aef7-334f58b83450,피카소 칫솔 20개입,패션/잡화,3,2025-09-13 06:35:12
cbfa7b7c-db51-4e59-8d5b-75940d2da289,42ad19a1-b319-487c-85fe-031ac72fa54b,피카소 칫솔 20개입,패션/잡화,5,2025-09-05 16:29:28
8c80666b-8f39-42b1-9a57-6cd52d77ff68,ed00d999-32bd-409c-b2dd-eb83388fb3c3,유니클로 에어리즘 3팩,패션/잡화,5,2025-09-06 10:59:41
b2d07447-5b10-4eae-9f97-edec6f1443f7,afcad964-b186-4468-95bb-6c7f85c79140,크리넥스 3겹 화장지 30롤,생활용품,7,2025-09-15 17:25:25
47468916-08e3-4925-ad84-abce4f1b558a,48bbcfc3-edbb-4a3d-9ca7-2651be8e6a69,필라델피아 크림치즈 1.36kg,식품/간식,7,2025-09-25 19:36:02
4297a7ab-12be-404f-bcd1-c4d69cfd5ed7,9d669c25-e094-426a-8ada-3c6f4b529220,다우니 섬유유연제 4L 리필,생활용품,5,2025-08-18 18:11:30
43072fcb-b7b0-4e72-b9d2-1656c3014502,6b85f0b0-ba0e-44fe-b7f9-54199f228205,무신사 스탠다드 기본티 5장,패션/잡화,8,2025-08-05 10:02:18
1bed6414-e3f7-4114-a14b-f7c8f7087ed6,f494a708-19b8-401c-b9e5-f9323b54c358,네스프레소 호환캡슐 100개입,식품/간식,3,2025-08-12 06:34:33
d276f0e7-9cd2-4ee8-9715-0aae77e0f7a0,84b54ee5-75b5-48fb-a39e-c8d6ae181357,네스프레소 호환캡슐 100개입,식품/간식,4,2025-09-27 07:31:32
c10918ec-e428-4fbc-b8d5-c2f58b37a6e0,99d591f0-4557-4d59-ac8a-1651fabd75ce,베베숲 물티슈 캡형 10팩,생활용품,4,2025-08-04 21:08:02
6cae473b-d04e-4660-b818-128d42523373,19d5a755-b1fe-45d9-891b-0ef454554083,비비고 왕교자 1.5kg x 2개,식품/간식,8,2025-08-29 12:45:20
b2c4b555-856a-47e5-a2fe-1eb650386544,6b7b440a-d0cf-44bf-b369-d2e25eea0e17,메디힐 마스크팩 30매 박스,뷰티/헬스케어,7,2025-08-21 12:01:11
20f3119d-3bb0-428b-beb1-ee78b66579e4,dcdcb14f-78dc-4ee7-9e7e-a6a54be5ac0d,닥터지 선크림 1+1 기획세트,뷰티/헬스케어,7,2025-08-19 12:18:22
40cfce1d-3612-447a-8722-8eb85b2df65f,462de92a-735d-4bca-b58e-b2e3b0c3c7ab,나이키 스포츠 양말 6족 세트,패션/잡화,8,2025-08-18 01:05:16
a3e7d5a6-a5ee-4010-80f2-fb318979df29,e99c66f7-326e-48de-a4d5-ad9fbdcd6d83,나이키 스포츠 양말 6족 세트,패션/잡화,6,2025-08-25 13:07:46
a05d67de-d641-4bbd-a2c5-c23a590ae8aa,e53b0855-1199-4795-b8fb-b86dd6680642,비비고 왕교자 1.5kg x 2개,식품/간식,6,2025-08-07 04:41:30
d9b126f7-3146-408b-8605-36d72548a94d,21ef5ebb-1491-4d71-af5b-0c45431ce96b,질레트 퓨전 면도날 8개입,생활용품,5,2025-08-20 05:22:15
23385a5c-2eaa-46b6-8911-162988a971b0,241dba9f-ab58-435c-be58-7c231277f09a,하림 냉동 닭가슴살 2kg,식품/간식,7,2025-08-21 19:44:09
0d5d6638-5166-4eb2-9ecd-cf0e0a21a340,f8a5ef0a-91e1-4b10-a4e5-f3c0042f1335,비비고 왕교자 1.5kg x 2개,식품/간식,6,2025-08-23 02:31:44
87ff9a01-fd7d-446b-a5c6-47e2430e22cf,57e28c20-2c8b-42a2-b383-f06171c7bc91,닥터지 선크림 1+1 기획세트,뷰티/헬스케어,3,2025-08-21 23:54:13
d0e74d12-9050-43d4-b660-1a1e179827e3,56a18926-8170-4a41-b641-f9e3109e35c2,크록스 지비츠 세트 (20개입),패션/잡화,5,2025-08-15 16:24:15
64467540-a7c9-4af4-9da9-5ef9cb8af4b1,2a8d48df-af1f-4ef0-863a-3635497dff62,비비고 왕교자 1.5kg x 2개,식품/간식,3,2025-08-31 10:45:29
bb3e1f80-1aa0-4ff0-a69a-c42a4fbb3626,e8881a7d-84e7-40f0-8611-b37519e8c2e8,세타필 대용량 로션 591ml,뷰티/헬스케어,6,2025-09-16 13:13:42
9f150282-ac7e-45f0-8dd7-40fec7866d4f,4d6896b6-493a-4051-a0dc-3b749a6bf6e2,바이오가이아 유산균,뷰티/헬스케어,8,2025-08-08 18:08:23
fe7e267d-cdcd-4ca7-af32-15b2537c4a3d,fdf94b27-37ef-4083-b822-9fed4cac05c9,제주 삼다수 2L 12병,식품/간식,7,2025-09-15 10:41:32
eb8a82a7-60a2-46e3-84a4-8a6a88257447,800ee133-ccfe-47b5-92ee-e5b8b6f6e457,다우니 섬유유연제 4L 리필,생활용품,7,2025-08-24 17:06:11
70693821-13fd-4f28-a588-753f74132900,89f45a47-b519-4fe7-b3b1-b64b3a29cba9,KF94 마스크 200매 박스,뷰티/헬스케어,4,2025-10-01 20:54:30
866a6566-4c32-437c-b236-5af646b53db4,9114ec57-03cc-46fc-af3a-0946fb1aba37,하림 냉동 닭가슴살 2kg,식품/간식,3,2025-08-15 20:48:03
2b8b53f4-ee7a-49b1-985c-473eec3209da,4341531e-4c85-4d56-8a28-579143cdf3b0,유니클로 에어리즘 3팩,패션/잡화,3,2025-08-05 20:44:14
fda40a54-2df3-459a-a2cc-d3b7007d21aa,4a5addbe-77f0-48e7-b5b7-ddb4edf6a0bf,세타필 대용량 로션 591ml,뷰티/헬스케어,4,2025-08-14 06:01:47
098d4a13-7d87-4f38-a5f4-e7e8eb254dce,23286d22-e409-427e-a5aa-13e4d2ef82a7,제주 삼다수 2L 12병,식품/간식,8,2025-08-22 15:05:38
c31079fe-7da1-4c94-b156-c976d8493efd,66cc0a24-ebe2-48cd-865c-2c87a1699503,닥터지 선크림 1+1 기획세트,뷰티/헬스케어,7,2025-09-07 09:41:49
794ba676-6696-43fd-a697-51ce506c690b,0bc32341-0a80-4889-94fc-a19da96c323d,종근당 락토핏 골드 180포,뷰티/헬스케어,4,2025-08-31 21:27:43
4bdfa73c-aae6-4e41-a518-ab460177093a,2e2736b9-27f6-48cf-8b90-c6e469e784db,크록스 지비츠 세트 (20개입),패션/잡화,5,2025-09-13 17:34:39
67f81590-0542-4e57-a1a2-252134604254,4ab1ac4c-e48d-4f16-b500-a2efc3444e23,캘빈클라인 드로즈 3팩,패션/잡화,5,2025-08-17 18:02:24
39f78fb7-1e23-4f29-a077-b026c885c2a2,43b4d497-705f-4462-a43c-24bfb0d3a37c,하림 냉동 닭가슴살 2kg,식품/간식,8,2025-08-08 22:47:00
976ddbc8-1a01-4642-ac13-b35a0cf6d21e,25bb8950-b870-4c8b-94ea-3465d61ccdf0,유니클로 에어리즘 3팩,패션/잡화,5,2025-08-18 06:00:56
07ecf2f1-336a-45e8-b271-2be78b5cded4,617fbc20-d1f5-4bfa-b046-d2d27ec0336e,커클랜드 아몬드 1.13kg,식품/간식,8,2025-09-17 19:13:45
585f3a7c-14a2-4fd0-8271-39cca6d9cfc7,d07cd826-6ba5-4440-8aaa-010ad9c24af6,캘빈클라인 드로즈 3팩,패션/잡화,5,2025-09-08 12:21:46
31942b0e-8ef9-407f-894a-4cc4437dd85a,eedc07d1-ea58-48a5-9241-8bcd3d2d9dbf,네스프레소 호환캡슐 100개입,식품/간식,3,2025-08-03 13:07:14
0ed20133-0f21-49ae-a978-388cf976f463,39b654f0-674e-47ab-9ff7-b893919a6d8b,네스프레소 호환캡슐 100개입,식품/간식,5,2025-08-19 10:41:28
ab15f590-afce-4ef3-b6b6-b5f02dbb8beb,3b984262-89f0-4d65-aea9-01cd5e510c1d,질레트 퓨전 면도날 8개입,생활용품,8,2025-09-08 04:05:22
e730da12-f51c-4766-94a3-79f25ab361c0,c16c7106-6ecf-4ee0-beb7-3d02c1ef30a1,피카소 칫솔 20개입,패션/잡화,7,2025-08-06 05:12:57
c2b86a95-91f1-4456-8369-88b7d02a454a,bec8d311-2bf6-45c7-a5cb-81fe5814ec8c,햇반 24개입 1박스,식품/간식,7,2025-09-23 13:24:26
69ea346b-9230-4b09-abde-4c3d3181dbf2,33040757-65dd-42e9-b586-9205c353b53d,캘빈클라인 드로즈 3팩,패션/잡화,5,2025-08-19 19:21:39
e6d8dde4-f347-4b20-a22e-889ea0a53df6,6c3a7259-d263-48b9-ad3f-4cc1b8d68f2a,상하목장 유기농우유 24팩,식품/간식,8,2025-09-12 14:51:37
6a92492d-d68e-436d-8b54-35af610833b2,a47f27d6-da8b-4d43-b049-fe5d50c572bc,종근당 락토핏 골드 180포,뷰티/헬스케어,8,2025-08-13 08:14:18
b29053f3-2b9d-41f0-896c-66c452603914,d47a49cf-56a6-476a-b316-c7a294982c4e,잔스포츠 백팩,패션/잡화,5,2025-08-11 01:01:13
57ae31cd-94d4-439d-9400-ba89990fa427,6a3f4171-12ce-44ac-b598-d7ba72623c7e,신라면 40개입 1박스,식품/간식,5,2025-08-18 02:26:23
b3778032-b958-4d0b-9b56-843779621d82,1c571768-d33b-49b1-853d-a077be899d49,베베숲 물티슈 캡형 10팩,생활용품,4,2025-08-23 08:51:12
e09ab5af-3b0b-44c1-af69-33f9dc68f153,24d047a8-df08-43cb-8c97-956004d1aa6d,유니클로 에어리즘 3팩,패션/잡화,6,2025-08-09 21:57:25
fe14e538-b32b-40da-bc1e-78c0fcc87b69,ef5851f1-d0e1-4b42-91c5-af4d83263725,다우니 섬유유연제 4L 리필,생활용품,4,2025-08-17 17:35:52
94f2085b-6344-4d46-83b6-2a0d036c9f8d,2f248962-658e-4326-827c-a54d4c02282a,네스프레소 호환캡슐 100개입,식품/간식,5,2025-09-12 02:30:05
3c8c5035-614a-4444-bcdd-a9cd9777442b,6b71a36d-566c-4104-97a6-c3e3a5e2b756,커클랜드 아몬드 1.13kg,식품/간식,7,2025-08-13 08:02:28
442fb567-7e47-4f67-8218-6231bc5777ef,57e28c20-2c8b-42a2-b383-f06171c7bc91,종근당 락토핏 골드 180포,뷰티/헬스케어,8,2025-09-14 00:05:33
f3e1e931-ed65-486c-ab6b-c50cbfba6299,99c5c4cf-0e3e-44dd-a137-75579130c52a,유니클로 에어리즘 3팩,패션/잡화,7,2025-08-25 01:33:58
f9d2dcba-6f25-4b2e-8964-e888120c1026,57de7a58-588a-47d8-93cc-a6541239a155,상하목장 유기농우유 24팩,식품/간식,6,2025-08-18 22:36:25
7af4e0a0-7d33-4848-8e09-d412ccc6a12b,e3a0f0e8-13ff-40e8-a838-ef829025d339,네스프레소 호환캡슐 100개입,식품/간식,4,2025-08-28 15:30:34
4363f1fb-d25b-4ae5-822d-6895781a7c43,44a7518f-76ed-4861-b7be-8fc1d8f85b83,크리넥스 3겹 화장지 30롤,생활용품,6,2025-09-22 07:39:22
59df0a9e-970e-4ad7-9a44-99bcf5c7545d,6c30c277-2b63-4290-8ce4-a50350671655,제주 삼다수 2L 12병,식품/간식,5,2025-09-25 16:35:45
d5b8f75d-b609-4e59-94f1-06422f73c109,305c64aa-b822-437b-8506-91272ff42e0c,리스테린 1L x 2개,생활용품,6,2025-09-23 08:21:55
5d67063f-ebf4-483f-842b-5500891304cc,ebe161fa-fcbe-4a19-8c7a-2c5f18847e9e,듀라셀 건전지 AA 40개입,생활용품,8,2025-09-29 06:04:46
e5b24868-6322-40db-b983-d43a6b2d8c9f,57ead2c4-1bf1-4473-b0c4-166c54ae451d,닥터지 선크림 1+1 기획세트,뷰티/헬스케어,7,2025-09-28 15:57:10
74db15a5-404c-4ce8-be2a-f5fd0a0463b1,fa10e319-d6c0-4149-97f6-ecb228a2d5ad,리스테린 1L x 2개,생활용품,6,2025-09-03 20:25:44
79d4fd63-468a-4585-8531-69d6d7717b26,a3eab760-9e33-4f25-a8af-5108007cd9c6,다우니 섬유유연제 4L 리필,생활용품,8,2025-09-15 19:03:12
9eaf127b-f1d1-4799-a1d8-d46e195b93fe,dffd2814-b09e-4453-ae95-311ebf2cdfc9,닥터지 선크림 1+1 기획세트,뷰티/헬스케어,5,2025-08-18 02:07:13
ccc7fb38-8c70-429a-8ee5-26da96309126,250bf0ac-a851-4099-9e76-76c93f0edbc2,캘빈클라인 드로즈 3팩,패션/잡화,7,2025-09-29 12:06:24
16d9ef24-76f9-43b9-8361-11f5ff7eaf87,6080f145-8686-4665-9277-ea5767805765,컨버스 척 70 클래식,패션/잡화,4,2025-09-23 12:59:01
69e9bfc6-d0eb-4b4d-9ceb-531e307788b3,98f5e01b-bf49-43cf-b89f-dd15ebfd9fd1,다우니 섬유유연제 4L 리필,생활용품,7,2025-09-26 21:14:53
7918cc14-58d9-4d34-a7b5-190cf5d1f786,fb4ee533-31a1-4b2f-a024-6109527ae478,상하목장 유기농우유 24팩,식품/간식,5,2025-08-23 17:42:49
6dd7a59e-1daf-4032-a18b-fbbeba123f21,bb680c3e-7e07-4549-b81e-b09eaee87e5f,하림 냉동 닭가슴살 2kg,식품/간식,6,2025-09-15 09:44:26
de12d75a-11e7-4fb1-ab8b-45c901806516,2d5dc36f-33d2-4d40-9860-4e397fc8929e,크록스 지비츠 세트 (20개입),패션/잡화,3,2025-09-13 01:24:54
5e2fafe8-e5cc-4781-b088-ea8689d3835a,5b04c50e-4141-41a1-b38f-cbcceb3c8b52,종근당 락토핏 골드 180포,뷰티/헬스케어,3,2025-08-19 12:27:43
cd7dd0bb-f82f-4157-9395-0e53f70f06d2,90fe5b0a-de54-4c8f-8f9c-e72853affb8d,듀라셀 건전지 AA 40개입,생활용품,4,2025-10-01 02:58:19
ddb3de6c-174b-46ac-9474-9cbd1615bfcd,5bc9925c-acf5-4af5-9996-7ee577f9b127,종량제봉투 100L 100매,생활용품,7,2025-09-15 00:27:36
3612c4d5-f470-4e21-b21b-f91a315829e3,ade00510-2770-42f2-8c8d-7c761ddb2e47,네스프레소 호환캡슐 100개입,식품/간식,6,2025-08-29 21:53:02
9d09832f-8a79-44c3-b47c-311a67391219,ea519ee5-bbcd-4c17-9177-8909cea7419d,햇반 24개입 1박스,식품/간식,4,2025-09-02 11:03:46
973cec1d-2a63-42aa-8324-5425b1f07ac8,4df53d11-3bce-420f-87ca-82c078306ad1,닥터지 선크림 1+1 기획세트,뷰티/헬스케어,5,2025-08-28 01:44:06
65bc5858-c581-41f9-96cf-4eacd924dd49,4a5d6a5e-8c5f-4232-b8c1-ad0113153feb,신라면 40개입 1박스,식품/간식,3,2025-09-30 16:05:46
2f03e187-b4f1-4d49-9c1e-84c3b665b701,57424f8a-a87a-4ebf-a301-fdfa95829f5b,피카소 칫솔 20개입,패션/잡화,5,2025-08-23 14:21:26
cfa44d08-f640-4a0c-8379-b2ddd5c2c737,93aa62d2-b53c-40ed-ab84-6775d31e7ccb,리스테린 1L x 2개,생활용품,3,2025-08-04 18:01:34
daa39829-a62e-4781-9c67-f9782799e78d,ce01910c-828a-4461-936e-70212774183a,크록스 지비츠 세트 (20개입),패션/잡화,3,2025-08-21 20:41:59
8d30447e-e240-47a4-8888-68ae58918911,f1f64801-4c41-4201-ac99-2b4ea66d5b09,나이키 스포츠 양말 6족 세트,패션/잡화,3,2025-09-11 04:58:42
0219a0dd-babb-4433-98b8-342c83659a75,f2aa9955-ae1d-4607-bac9-e9d300010276,유니클로 에어리즘 3팩,패션/잡화,4,2025-08-31 12:00:10
08fb766c-65d6-4d73-bf68-cb034087b77c,ece141c2-5ff6-42d7-8fb1-d307313b398c,상하목장 유기농우유 24팩,식품/간식,5,2025-09-08 06:23:51
992366e3-3687-415e-9a00-b0966a46de90,4899b3ca-ab81-4aeb-83da-25c99eea990b,KF94 마스크 200매 박스,뷰티/헬스케어,4,2025-09-23 19:02:31
eea37856-6979-4f38-a0ae-87e7c9e35d05,dd8714f3-6f36-476b-9770-49dcef8b1c79,KF94 마스크 200매 박스,뷰티/헬스케어,7,2025-09-16 22:34:48
4d83062a-a3e2-49ea-af03-64215563d45d,9d669c25-e094-426a-8ada-3c6f4b529220,코스트코 소불고기 (4kg),식품/간식,3,2025-08-11 15:27:40
2698324d-e657-4a1a-88d9-823cb0a751b6,84b54ee5-75b5-48fb-a39e-c8d6ae181357,신라면 40개입 1박스,식품/간식,4,2025-09-28 06:07:27
9ba19fda-4388-4c48-bf03-2d89bc593fb7,8b4ccec1-6b0c-4a23-8c36-8dc783846856,네스프레소 호환캡슐 100개입,식품/간식,8,2025-08-14 00:08:15
341b91e2-a865-4c27-b006-30ed325a61d8,7695b1d8-8e95-476e-8c3f-fdcbc5adac48,종근당 락토핏 골드 180포,뷰티/헬스케어,3,2025-08-15 02:46:28
69a6803e-bf27-4823-90e6-1b33ddccbfa2,91d5a400-22d2-483d-a226-7dd8b64179d2,듀라셀 건전지 AA 40개입,생활용품,5,2025-08-08 00:42:11
3ee552dc-4716-45cb-99ba-77b31ad3fe7f,13782f0b-fd6b-43e3-9179-6a9a2554537b,필라델피아 크림치즈 1.36kg,식품/간식,4,2025-08-25 02:41:10
94e3dab9-28b3-473e-be7e-0a44aaa5f73c,8b4b7a79-a1b0-4de8-9ae9-ed1bb2fd1aa9,컨버스 척 70 클래식,패션/잡화,7,2025-09-23 14:36:12
e16d612e-d7a3-4727-9b8f-52bb1562a8be,3682476d-3f93-4e45-80a3-f5021da91525,고려은단 비타민C 300정,뷰티/헬스케어,3,2025-08-13 19:03:05
355ee392-6059-40f8-94c5-8b5856498b91,2e580427-f61a-4450-9cf5-53f4eb746e72,메디힐 마스크팩 30매 박스,뷰티/헬스케어,7,2025-09-26 04:24:14
7766289b-342e-4df1-bccc-0faccd2ff3f1,7f1b6dae-0f66-4de9-8012-086196261223,신라면 40개입 1박스,식품/간식,7,2025-09-18 08:15:31
3c719449-051d-42f4-89fb-991e94aaf894,f6f75da9-7691-4f5e-97bd-67cec3ea4d11,리스테린 1L x 2개,생활용품,4,2025-09-10 02:51:33
ad3db6a3-a3d1-4caf-901e-4db6f405ddb6,7ef74499-c7c7-47c0-a0a5-9c0a0b7f8464,듀라셀 건전지 AA 40개입,생활용품,3,2025-09-28 04:23:58
eea10561-4599-4885-9392-b62aa92819f3,4ea27a5f-5c0d-4aad-9c6b-c7b43ac00917,무신사 스탠다드 기본티 5장,패션/잡화,7,2025-08-15 22:26:22
a1d32fc8-301b-4109-bb0f-849b8e7d2720,8223307f-10a0-430f-bc03-9efeb6389774,컨버스 척 70 클래식,패션/잡화,8,2025-08-07 22:27:54
28adf7d0-3c0c-4198-97e6-2e032035b8c5,47aee5d2-4cfd-4670-8bd3-c7057e2f116b,햇반 24개입 1박스,식품/간식,5,2025-09-22 02:16:46
123698b4-17b1-4e3c-9d41-062ddc7f0a86,ba287ed6-334f-4f29-9018-bab5e0501f10,비비고 왕교자 1.5kg x 2개,식품/간식,7,2025-08-20 06:18:19
89fea688-e48d-43f6-88c3-299dc15e68c8,6b71a36d-566c-4104-97a6-c3e3a5e2b756,아베다 샴푸 1L,뷰티/헬스케어,7,2025-09-24 03:22:42
701509d4-2fe3-4814-b5d3-715f6cced0e3,fa7693b2-4f5d-40ed-91e0-45eb2541d841,바이오가이아 유산균,뷰티/헬스케어,6,2025-08-25 07:29:32
69114e95-cc2f-4ece-9009-65ae8dba01ef,ff1d53b2-0496-4348-bebd-215d9c9bd041,KF94 마스크 200매 박스,뷰티/헬스케어,8,2025-08-15 01:57:17
9c2578d1-c1b9-4c11-8bd6-7dc67cfa28ea,4df7e793-3511-4956-a937-66518cdc4733,캘빈클라인 드로즈 3팩,패션/잡화,5,2025-08-26 03:43:26
4e1d0910-cf6c-447c-8e6e-eaf0372874b3,04a48e58-d83c-4167-a6d7-d8b33018f85d,신라면 40개입 1박스,식품/간식,3,2025-08-07 17:38:00
689a7234-a730-4be0-9356-edec04ed027d,ac84d54c-f7ff-4b7d-804d-120b5109fa81,무신사 스탠다드 기본티 5장,패션/잡화,8,2025-09-21 04:03:12
6372c26c-ef44-495e-b255-44986820d0a8,5f5a1a4f-ef33-44fe-be5e-eea86a08dee4,커클랜드 아몬드 1.13kg,식품/간식,7,2025-09-30 17:32:27
e380694a-3170-4180-a858-d03378fe884f,238b3d5f-2ed0-4882-894e-98cb9d840bd5,유니클로 에어리즘 3팩,패션/잡화,3,2025-09-24 14:12:08
5aac8d53-2181-422d-aae3-b1a3b7302d0b,808b189e-5569-43b1-859a-08dfd9c6bc08,무신사 스탠다드 기본티 5장,패션/잡화,5,2025-08-10 00:11:37
f4093cb1-008d-4c15-a045-a58b7a60ec66,ae6715df-4434-4db1-bc2f-e43c7a51b8c5,베베숲 물티슈 캡형 10팩,생활용품,8,2025-08-26 06:04:54
b240e12c-5343-4c8d-b8cb-5f693964fad9,a07d7a15-193a-490d-8bb3-95694aa232ba,고려은단 비타민C 300정,뷰티/헬스케어,6,2025-09-24 03:19:33
10c3cddb-decd-4dd0-9c2f-f5c2538f347b,b2a3f484-d269-448b-9b85-62fe34a5ef75,베베숲 물티슈 캡형 10팩,생활용품,4,2025-09-25 10:15:27
b1a22b8a-7c01-47fe-b194-30965285e5d1,8c629beb-4ad7-4650-adbb-36c6ace640d2,비비고 왕교자 1.5kg x 2개,식품/간식,6,2025-08-10 22:05:08
864fb81f-9270-44ad-abfd-af92d48c9b0b,da996c3e-741c-4c2c-8411-e922f040545c,제주 삼다수 2L 12병,식품/간식,4,2025-09-04 17:32:47
3529da87-431b-4ca9-b85e-f83ab150021a,f2aa9955-ae1d-4607-bac9-e9d300010276,제주 삼다수 2L 12병,식품/간식,4,2025-09-22 18:52:25
a93c7004-89ae-44a8-9b06-a97ae195aec5,08f1f953-fba6-4536-8591-8a7b456af235,제주 삼다수 2L 12병,식품/간식,5,2025-09-23 23:58:44
acd6cc90-ff68-4e94-94ff-4e3f5c6175f0,8fb1f67f-97cb-43e8-80b0-8cf0e63e5893,세타필 대용량 로션 591ml,뷰티/헬스케어,7,2025-08-11 21:18:51
30b41bf4-d21b-4b06-a0fa-e178c8dd0c68,acb7b1c9-5a41-4e94-bce2-ae60f17e3265,KF94 마스크 200매 박스,뷰티/헬스케어,3,2025-08-28 00:24:21
b72d153c-43b2-4399-ad31-d28435135721,188d0872-515b-41ef-9ea3-747ff30ccfc9,다우니 섬유유연제 4L 리필,생활용품,5,2025-08-28 03:51:32
929ae0bd-44a2-40e1-a600-5df9727df510,c6feb3c5-e105-4b12-ac89-1ad6918eeef3,하림 냉동 닭가슴살 2kg,식품/간식,8,2025-09-04 01:09:04
b517fb63-61cf-4440-bc47-ed85d9a650f6,43c55925-33cd-45ff-801a-ed4ba27d3aec,유니클로 에어리즘 3팩,패션/잡화,3,2025-09-25 02:24:19
9b9daa05-dc7b-4270-9e0f-974025938a3f,f6dc90ff-b66e-4483-b35a-1a4f9d06812f,크록스 지비츠 세트 (20개입),패션/잡화,6,2025-08-16 00:40:50
bae42f12-c231-40db-b225-285bc814a446,81916e5e-29c0-4257-b902-a2b31250bae8,닥터지 선크림 1+1 기획세트,뷰티/헬스케어,6,2025-08-20 02:51:03
404125f7-60bb-4d79-97e3-294a9adb2d8b,83d703ae-35ac-42ef-bf27-0528b95b9514,유니클로 에어리즘 3팩,패션/잡화,4,2025-08-07 01:55:44
26fb5376-7789-4f44-85cb-47bdf49de5a9,903e8956-761d-4696-a3ae-14effd5d679e,메디힐 마스크팩 30매 박스,뷰티/헬스케어,6,2025-09-13 08:01:11
e644616a-f329-4ba1-a3f7-08c8ee1bacb0,ca2bf2f7-a218-40ef-ae37-4b94f31aa30b,크록스 지비츠 세트 (20개입),패션/잡화,7,2025-09-19 10:19:32
70060573-4166-41c3-b38b-f604d2b78587,98f5e01b-bf49-43cf-b89f-dd15ebfd9fd1,종량제봉투 100L 100매,생활용품,3,2025-08-22 17:44:34
4b9dbc7b-664f-42a3-8ab5-020c76c4e7b5,1fb99515-2160-41ae-b213-e51540dbaf3e,잔스포츠 백팩,패션/잡화,6,2025-08-16 08:54:42
095f6003-9224-453a-8261-639588ef1b71,627726e2-6b17-4202-b00a-25efcf25592a,베베숲 물티슈 캡형 10팩,생활용품,5,2025-08-24 05:10:43
e6501bdd-ba3c-4669-9ed8-8e4158c9afc5,75d44f95-3c4c-48bf-b102-626c28b299ac,나이키 스포츠 양말 6족 세트,패션/잡화,3,2025-08-11 11:38:09
a168da76-41c0-406e-8e77-4f0cc9239d4c,a5b618fa-7f10-44ec-b33a-ff4721b8e9e7,나이키 스포츠 양말 6족 세트,패션/잡화,5,2025-09-22 02:16:52
de6ee4ad-aab2-46da-a7cb-e9717505f6c8,67887c45-26f0-4fc6-ab9b-71c745e1add5,질레트 퓨전 면도날 8개입,생활용품,7,2025-08-17 03:48:32
f3083eab-aea2-4daa-a1b7-b525ca873ced,1edae449-8ccc-4f90-8252-e66bd4480d4b,잔스포츠 백팩,패션/잡화,8,2025-10-02 11:20:28
a2946d5e-9d81-4884-acea-feca15042452,09e2673c-488d-4d09-a858-9f1174cd872b,닥터지 선크림 1+1 기획세트,뷰티/헬스케어,6,2025-09-14 18:06:11
73e3a527-ea25-4fbc-9ebf-c6e822524f88,a8095c30-cb89-46b4-81bd-6791700d93da,제주 삼다수 2L 12병,식품/간식,5,2025-08-09 17:48:52
b0d8f964-c298-4988-8487-c2074c969492,079f0b0a-3de8-49f8-93de-0c8983380059,잔스포츠 백팩,패션/잡화,8,2025-09-12 18:58:29
afe0b770-e6d5-44bf-a084-316bf6b73aac,669a2da3-6686-41f5-bc79-ffad72a75386,하림 냉동 닭가슴살 2kg,식품/간식,8,2025-09-24 21:19:22
7c7bc8ed-5702-481d-a621-9a0ba54d5214,90d65e7c-6135-43e4-b178-dda7f671363b,피카소 칫솔 20개입,패션/잡화,7,2025-08-10 14:08:14
b8668182-3c1e-466d-bc32-32bf3d49aa85,59dfca62-d352-4237-8443-fe4750810253,크리넥스 3겹 화장지 30롤,생활용품,3,2025-09-03 01:18:19
7b5cd2f5-e8cf-4414-8c80-8a12223a0c3e,ffa26015-e119-4611-aab1-6cb175ec6696,네스프레소 호환캡슐 100개입,식품/간식,7,2025-09-16 13:19:52
76673caa-7058-4439-a0a3-f3fb83bc9108,c6d8bccc-1436-403e-a6b6-382b5ef9a398,닥터지 선크림 1+1 기획세트,뷰티/헬스케어,4,2025-08-18 18:59:05
651a9905-05f8-451f-bf71-4da4579bc353,f494a708-19b8-401c-b9e5-f9323b54c358,비비고 왕교자 1.5kg x 2개,식품/간식,8,2025-08-29 15:12:36
1677b6dc-f805-46c4-8ce9-34ee7c065521,c8a4ce7d-8428-4b49-808f-844703148788,크록스 지비츠 세트 (20개입),패션/잡화,6,2025-09-04 14:12:47
b7b6e332-e0c0-475c-be4f-22b7977fd98b,2fe37296-4c94-4656-a244-662f1ea59a26,제주 삼다수 2L 12병,식품/간식,4,2025-08-05 17:10:13
88281345-2831-47fe-92ee-698c82b0a88c,bd048d37-79f5-4a1c-b49e-46bfe53478cf,닥터지 선크림 1+1 기획세트,뷰티/헬스케어,5,2025-08-06 00:30:04
77e54001-5695-4aee-a9f5-76217d5c646e,8675c606-c091-4136-ba8d-34b993b22f10,크록스 지비츠 세트 (20개입),패션/잡화,3,2025-08-03 22:13:27
92e4cc2b-6a03-4a0e-997e-e0d6c467fe8c,a7571f27-a752-4728-aace-ed649e5cf9ab,상하목장 유기농우유 24팩,식품/간식,5,2025-08-05 11:01:21
1eab8606-2786-424d-bc69-477abf5ba8fd,3d88f79f-60e4-45c1-8a32-165235aa08fd,피카소 칫솔 20개입,패션/잡화,8,2025-08-05 03:45:54
014787ad-756f-406d-8eac-9f52ff432a65,abe5078a-86e3-4595-a21b-094c59e6cd28,종량제봉투 100L 100매,생활용품,3,2025-08-05 18:04:22
14337429-1f1e-4c77-9a57-de086e32802f,c1d5e059-890b-48fc-bce3-adcc61fd5f43,신라면 40개입 1박스,식품/간식,4,2025-08-10 22:14:21
c0dd8df0-c780-4521-9b93-2f883752549c,07e2e284-8b6b-483b-b7e8-17a6b51d88dc,메디힐 마스크팩 30매 박스,뷰티/헬스케어,6,2025-09-03 02:49:47
7dcc51fb-a849-43f9-a4b1-bd46d120fb2a,537c095a-4347-435d-be51-1bde155cb7a2,바이오가이아 유산균,뷰티/헬스케어,5,2025-08-18 19:39:32
91927ebb-855a-4b59-8862-9d7e628f53a7,f3b3aee6-56ea-406c-9f55-1470eb1cd7ef,페브리즈 1L 리필 x 2개,생활용품,6,2025-09-28 16:27:56
6d69d29f-79c4-4124-aa0a-0877fab90960,20dedb14-23c0-4139-82a4-8137d1bd50f7,하기스 매직컴포트 4단계 1박스,생활용품,5,2025-08-10 16:14:57
f27b7c77-2e07-45de-8d25-8988098ecfd5,3658d475-7d39-467a-8ec8-a3b9376ed760,메디힐 마스크팩 30매 박스,뷰티/헬스케어,3,2025-08-10 19:54:22
a6893cc5-0a27-4b34-bf05-a272a206b76b,e17ccfbc-8fe9-4ccb-af14-bb307f317f30,상하목장 유기농우유 24팩,식품/간식,3,2025-08-21 07:04:25
399ca833-61c4-4afb-8f8e-90df7870b38f,1d96ccdf-4896-4088-8ef1-9d61371b36c4,닥터지 선크림 1+1 기획세트,뷰티/헬스케어,8,2025-09-18 11:39:23
e5496d1d-8864-4570-8d25-0b3dfa5e01b1,acd7e0aa-efdd-4bd2-beee-8db011b19d6f,닥터지 선크림 1+1 기획세트,뷰티/헬스케어,8,2025-08-12 08:19:19
90f099c9-a9c2-4484-8d64-d48c45fb61f6,6a42d598-29ab-466c-b121-da32df6e8e33,나이키 스포츠 양말 6족 세트,패션/잡화,5,2025-09-14 10:15:13
e82e445a-44dc-4f00-ab36-283625eecae4,f4b30840-5961-40aa-a646-57030cab1698,비비고 왕교자 1.5kg x 2개,식품/간식,7,2025-09-24 03:23:32
17e8d295-4718-4cbe-bd53-0bc9ec8bef09,2b36342a-d99f-480c-bab4-4569948bce8d,듀라셀 건전지 AA 40개입,생활용품,5,2025-09-07 21:06:29
a494368d-91ea-4dd6-93d9-b6ceb78e81e6,dc59c085-dca4-4c02-a8c9-ae59abe3ceb6,크리넥스 3겹 화장지 30롤,생활용품,8,2025-08-08 08:45:17
33047878-f654-4ac1-8185-b136ac2fde03,44d64180-ac3b-498c-9abc-4f307060877f,베베숲 물티슈 캡형 10팩,생활용품,5,2025-09-30 12:48:33
d0029d26-2efb-4621-a6be-03747fc7362f,ce01910c-828a-4461-936e-70212774183a,세타필 대용량 로션 591ml,뷰티/헬스케어,3,2025-08-05 07:34:22
aef53b04-fa75-40c5-aed7-50516d48a1d9,4efc17c9-827d-491d-829c-65aa87c9a08e,다우니 섬유유연제 4L 리필,생활용품,4,2025-08-17 08:21:35
6d991912-6a79-4e79-b796-d118fb631c6e,2ddde087-9550-4603-870d-b9f435961642,리스테린 1L x 2개,생활용품,6,2025-09-06 02:41:34
a7da5d2e-b4cd-4970-bc0e-f5f3e7e3756a,8e7095ba-13c0-4f7c-a8d1-98f438b355a4,신라면 40개입 1박스,식품/간식,7,2025-09-02 04:20:15
006301e6-ed98-4e60-bb24-75f01b357290,c85f3ac5-186f-4190-adc2-87e62c2cdacd,크록스 지비츠 세트 (20개입),패션/잡화,7,2025-09-08 14:35:50
28b212c6-287f-48be-be11-92e51ca97df3,20dedb14-23c0-4139-82a4-8137d1bd50f7,상하목장 유기농우유 24팩,식품/간식,3,2025-08-13 23:41:41
a3f52d3c-6695-4e20-a4db-4bbe88d461c1,fa10e319-d6c0-4149-97f6-ecb228a2d5ad,비비고 왕교자 1.5kg x 2개,식품/간식,6,2025-09-20 17:48:36
e62f0f05-5a07-4fd8-adac-42200ec9c7bd,6c11eac0-1d54-4328-9fd6-e4db8dacbfc2,KF94 마스크 200매 박스,뷰티/헬스케어,6,2025-08-30 22:47:06
589573ec-bc0d-4db6-b6f4-ffc13269233d,4cad92fb-e622-41df-8ae6-34821ced49bd,컨버스 척 70 클래식,패션/잡화,7,2025-08-31 04:05:20
328959d6-6649-453a-8d95-6ce7c3a82947,e572d790-63fb-4820-bb8e-3c3b071daba6,비비고 왕교자 1.5kg x 2개,식품/간식,5,2025-08-28 03:04:33
ec92f260-2679-46e6-927e-1080cd7d69ee,fdf94b27-37ef-4083-b822-9fed4cac05c9,비비고 왕교자 1.5kg x 2개,식품/간식,6,2025-08-18 06:29:40
be85bc0b-38d3-426d-b28b-b0f89e48da50,2ffffaa1-2372-4e96-ae77-a7c53e898d14,종근당 락토핏 골드 180포,뷰티/헬스케어,4,2025-08-11 01:31:00
109d30f2-90cf-4641-8de6-b56b270281db,9ebe9dab-64f7-4435-aabc-c1055bf8f7d5,바이오가이아 유산균,뷰티/헬스케어,7,2025-09-24 19:06:24
537b4c2a-0440-4ea1-94e6-ed0a7612f9f1,4a68f255-2949-4ae2-af8b-f2e7d7eecd66,베베숲 물티슈 캡형 10팩,생활용품,4,2025-08-17 04:05:30
12bf238a-ac3a-45f9-93f9-ec021af32bee,250bf0ac-a851-4099-9e76-76c93f0edbc2,잔스포츠 백팩,패션/잡화,3,2025-09-30 02:16:16
a9363737-7bc5-4ae0-8109-4307a3acb41c,74efe83a-5f2e-4b83-bbf2-bc303b7c49e8,필라델피아 크림치즈 1.36kg,식품/간식,4,2025-09-27 18:25:57
458606b5-6048-47be-810e-043656b297cc,870563ce-991b-43ba-9949-67a91a0aca07,질레트 퓨전 면도날 8개입,생활용품,4,2025-09-24 05:40:50
26480886-69b0-40e7-9438-ad4d935375b3,e1d90e24-20af-4160-a533-a554c7686905,나이키 스포츠 양말 6족 세트,패션/잡화,8,2025-09-18 02:19:56
4f710c80-6c13-494e-bbca-1e99e3f54d66,b61b8bab-54d3-40b6-827b-93d9a3640957,로얄캐닌 강아지사료 8kg,생활용품,7,2025-08-30 16:32:42
c05e4e41-6bc7-4db2-8695-4313852da71d,f9fcf66f-cd6d-4143-b98d-e6aca67f2f51,듀라셀 건전지 AA 40개입,생활용품,3,2025-09-19 11:47:44
d38c9bae-49f2-42fd-857c-79c87258e116,5056df4e-e6aa-45f7-89c4-d2c32b30c966,페브리즈 1L 리필 x 2개,생활용품,8,2025-09-22 12:13:26
c14e0eed-c07d-4165-bd48-6ee090502386,079f0b0a-3de8-49f8-93de-0c8983380059,바이오가이아 유산균,뷰티/헬스케어,4,2025-08-10 05:51:29
44815a55-51b2-4ea7-a34f-a1447c88b950,1dea9b98-dd63-49ba-a732-641f6c8b3e9e,질레트 퓨전 면도날 8개입,생활용품,7,2025-08-17 10:13:43
78fa9fb5-0966-43d1-98c7-992e2ea49c02,250bf0ac-a851-4099-9e76-76c93f0edbc2,햇반 24개입 1박스,식품/간식,8,2025-08-19 20:49:37
e303f17d-c5ce-456b-bc73-a9fff681218a,874f12dc-1a2a-40fe-bbb2-9e2b7841d384,크리넥스 3겹 화장지 30롤,생활용품,7,2025-08-30 20:43:26
87ec6e28-01d9-46f8-aed8-3e68140db363,f0a364f2-38de-4ad7-9c50-64ba0d783f04,네스프레소 호환캡슐 100개입,식품/간식,8,2025-09-20 11:44:27
ae75f8b7-b38b-4b88-bd22-ce6ba3d5dc98,62c3c0ef-3c33-4a91-8a5e-1da1b4c9fc42,유니클로 에어리즘 3팩,패션/잡화,7,2025-10-02 03:55:09
0ec75e5d-1806-442f-b4f1-79fff5d198ed,0e46d66c-18ee-4a9c-b759-2eb42e94c6fa,제주 삼다수 2L 12병,식품/간식,3,2025-08-06 22:17:48
055ba9a2-7891-4e94-b340-9cbbab497638,32aae820-d207-4753-bc33-2f596c5eba0e,햇반 24개입 1박스,식품/간식,8,2025-09-02 07:17:46
14535cb5-1cb3-405c-b689-ab8d388bf824,4be709e0-6a57-46c7-8965-90092b9b13d5,페브리즈 1L 리필 x 2개,생활용품,4,2025-09-08 15:31:47
a4fc8b9d-893e-4fd3-bcde-5519bd0cbdc4,21fa1627-033b-43fd-bb90-bba5d0e4e402,컨버스 척 70 클래식,패션/잡화,8,2025-09-17 07:54:53
ccaa5ae4-8294-4d6e-99e0-4952fa551bee,1136d1ef-8cf0-4b99-935f-731ed6bc4901,신라면 40개입 1박스,식품/간식,8,2025-08-06 17:27:28
ef7794f2-dd8b-4091-9cb8-e38eca69ba45,83df5461-60e3-44be-9c05-4c32dcb34d5d,아베다 샴푸 1L,뷰티/헬스케어,8,2025-09-21 01:05:19
3fb5e031-1eab-4354-9996-c6d36819c255,fcf034bc-5f77-4b45-adfc-2680f47a8dd5,질레트 퓨전 면도날 8개입,생활용품,4,2025-09-14 00:15:33
6e4ec8cb-3d1d-49a6-87ad-57a0d18f072d,8b08fe4e-0957-457b-b1fe-92065d2d1faa,피카소 칫솔 20개입,패션/잡화,6,2025-09-17 04:16:33
d52e1b0d-0e4b-4ddc-8a70-d046aab322e3,674e298e-bfea-4e29-85c1-a1c8cb149e56,비비고 왕교자 1.5kg x 2개,식품/간식,3,2025-08-05 08:31:42
aa3e5f6d-4db6-4012-805d-76ae7276ce19,33168b15-5f01-4c19-b7a3-5d51b6dc0aaa,크리넥스 3겹 화장지 30롤,생활용품,6,2025-08-07 02:13:36
ea5519d4-8b7c-4764-a490-3adb3f7a29e3,d1479cb4-bb29-4017-a704-043fb495688a,KF94 마스크 200매 박스,뷰티/헬스케어,4,2025-09-29 23:37:21
855d9a28-7f66-4fd9-b948-fcd52e3c5e2e,fbb417ff-a438-4ce3-9add-0202f0231216,유니클로 에어리즘 3팩,패션/잡화,4,2025-08-07 13:11:39
dbd623b2-ec62-457c-8f04-8b655fcb1eb1,009791ad-4233-4421-a622-264e0eb263a2,나이키 스포츠 양말 6족 세트,패션/잡화,8,2025-08-03 01:52:21
84aaafff-9e88-46b3-9e73-f84a20929b16,7810754b-2331-412e-a659-d98e72968e10,나이키 스포츠 양말 6족 세트,패션/잡화,5,2025-08-28 04:11:49
de239aca-c012-46bb-a729-50dd4fb019ee,fff9ea7f-60c6-4da6-b77e-8a750dd3009f,피카소 칫솔 20개입,패션/잡화,5,2025-08-26 15:40:39
490ccb79-0153-4f1d-a97c-eadafce4aab9,4d466319-d5d9-485c-80f4-0f66fb34ccaa,세타필 대용량 로션 591ml,뷰티/헬스케어,3,2025-09-08 11:55:09
870f3620-b12e-465a-a7b2-b11e4ca96e22,78d281b2-362a-42bb-a6e2-9a49c2a461e5,나이키 스포츠 양말 6족 세트,패션/잡화,6,2025-09-05 08:05:13
76eb7c84-a1b6-42b1-a46b-846afc03f44e,a5d51354-dd5c-47ff-9a05-b815e6d2db82,필라델피아 크림치즈 1.36kg,식품/간식,6,2025-09-04 23:05:08
37b3b28e-8dfe-4da6-bca3-d5cb680c9c12,b34b0bbf-84a0-43bb-a30c-e33a5cd5ebbc,리스테린 1L x 2개,생활용품,3,2025-08-11 10:01:03
5c2eee9e-dbf9-4983-8106-6b3682f10c65,59067864-5132-4c17-bf79-ea0d4b8ec6f9,하림 냉동 닭가슴살 2kg,식품/간식,6,2025-09-06 21:38:12
acb1b3fa-a925-4e01-bcc4-1559baaaa95c,280480ce-c6c2-4dd9-9121-44449873c8e9,컨버스 척 70 클래식,패션/잡화,4,2025-09-21 21:28:14
221a9f2b-66fe-486e-aa62-a22567ff9c0a,549db58f-7151-470a-871c-26013ed75c0c,나이키 스포츠 양말 6족 세트,패션/잡화,7,2025-08-29 12:20:22
5a4a5022-e3c8-4eb8-bf4c-a0363dfc177a,cbb874fd-5033-4639-b2df-cfdaf7c89ad3,나이키 스포츠 양말 6족 세트,패션/잡화,4,2025-09-23 06:25:47
e5ceeb9c-b616-47f0-b3d6-1ed40d3e8bdd,1e120d4c-dbf3-45d1-8b7a-8ea5cb62deb1,메디힐 마스크팩 30매 박스,뷰티/헬스케어,6,2025-08-17 08:47:13
7e74b88c-a0a3-4cfd-96fe-5d8c84682b6b,e193cad7-8c71-4efa-aaba-3e2213df3804,메디힐 마스크팩 30매 박스,뷰티/헬스케어,5,2025-09-11 03:30:14
11d1237c-7b02-41fb-84ac-2e162b648412,e5dfa709-0f37-4746-8c47-db996c811f70,메디힐 마스크팩 30매 박스,뷰티/헬스케어,3,2025-09-08 11:30:44
c269c0f3-3ee9-4d8a-bddc-3e31afc8f8c2,b493ecb4-159c-4995-bcac-f86f56583927,피카소 칫솔 20개입,패션/잡화,6,2025-09-26 11:14:48
2f20d2da-8eef-4eec-bad1-2bc520a7adff,cb1d4e65-09b2-4a93-b88c-cf6e4f2ab6c4,리스테린 1L x 2개,생활용품,7,2025-08-14 17:50:05
38a5f297-8305-4f52-b0e8-8ba0fa047cb2,df22679c-e4e1-4259-8cba-6d5abdc93680,무신사 스탠다드 기본티 5장,패션/잡화,3,2025-08-25 16:48:58
4f6255fe-991e-4baa-911c-24a2fec4fcb7,d970fd03-9222-4802-bb7c-a56d70127441,듀라셀 건전지 AA 40개입,생활용품,7,2025-09-11 21:39:13
4ee444bd-468e-46ff-a984-bc0507aa4ba0,188d0872-515b-41ef-9ea3-747ff30ccfc9,KF94 마스크 200매 박스,뷰티/헬스케어,7,2025-08-17 07:11:23
